600000,PFYH,浦发银行,19991110
600004,BYJC,白云机场,20030428
600005,WGGF,武钢股份,19990803
600006,DFQC,东风汽车,19990727
600007,ZGGM,中国国贸,19990312
600008,SCGF,首创股份,20000427
600009,SHJC,上海机场,19980218
600010,BGGF,包钢股份,20010309
600011,HNGJ,华能国际,20011206
600012,WTGS,皖通高速,20030107
600015,HXYH,华夏银行,20030912
600016,MSYH,民生银行,20001219
600017,RZG,日照港,20061017
600018,SGJT,上港集团,20061026
600019,BGGF,宝钢股份,20001212
600020,ZYGS,中原高速,20030808
600021,SHDL,上海电力,20031029
600022,SDGT,山东钢铁,20040629
600023,ZNDL,浙能电力,20131219
600026,ZHFZ,中海发展,20020523
600027,HDGJ,华电国际,20050203
600028,ZGSH,中国石化,20010808
600029,NFHK,南方航空,20030725
600030,ZXZQ,中信证券,20030106
600031,SYZG,三一重工,20030703
600033,FJGS,福建高速,20010209
600035,CTGS,楚天高速,20040310
600036,ZSYH,招商银行,20020409
600037,GHYX,歌华有线,20010208
600038,ZZGF,中直股份,20001218
600039,SCLQ,四川路桥,20030325
600048,BLDC,保利地产,20060731
600050,ZGLT,中国联通,20021009
600051,NBLH,宁波联合,19970410
600052,ZJGX,浙江广厦,19970415
600053,ZJDC,中江地产,19970418
600054,HSLY,黄山旅游,19970506
600055,HRWD,华润万东,19970519
600056,ZGYY,中国医药,19970515
600057,XYGF,象屿股份,19970604
600058,WKFZ,五矿发展,19970528
600059,GYLS,古越龙山,19970516
600060,HXDQ,海信电器,19970422
600061,GTAX,国投安信,19970519
600062,HRSH,华润双鹤,19970522
600063,WWGX,皖维高新,19970528
600064,NJGK,南京高科,19970506
600066,YTKC,宇通客车,19970508
600067,GCDT,冠城大通,19970508
600068,GZB,葛洲坝,19970526
600069,*STYG,*ST银鸽,19970430
600070,ZJFR,浙江富润,19970604
600071,*STGX,*ST光学,19970528
600072,GGGC,钢构工程,19970603
600073,SHML,上海梅林,19970704
600074,BQL,保千里,19970623
600075,XJTY,新疆天业,19970617
600076,QNHG,青鸟华光,19970526
600077,SDGF,宋都股份,19970520
600078,CXGF,澄星股份,19970627
600079,RFYY,人福医药,19970606
600080,JHGF,金花股份,19970612
600081,DFKJ,东风科技,19970703
600082,HTFZ,海泰发展,19970620
600083,BXGF,博信股份,19970606
600084,ZPGF,中葡股份,19970711
600085,TRT,同仁堂,19970625
600086,DFJY,东方金钰,19970606
600088,ZSCM,中视传媒,19970616
600089,TBDG,特变电工,19970618
600090,PJH,啤酒花,19970616
600091,*STMK,*ST明科,19970704
600093,HJGF,禾嘉股份,19970626
600094,DMC,大名城,19970703
600095,HGK,哈高科,19970708
600096,YTH,云天化,19970709
600097,KCGJ,开创国际,19970619
600098,GZFZ,广州发展,19970718
600099,LHGF,林海股份,19970704
600100,TFGF,同方股份,19970627
600101,MXDL,明星电力,19970627
600103,QSZY,青山纸业,19970703
600104,SQJT,上汽集团,19971125
600105,YDGF,永鼎股份,19970929
600106,ZQLQ,重庆路桥,19970618
600107,MEY,美尔雅,19971106
600108,YSJT,亚盛集团,19970818
600109,GJZQ,国金证券,19970807
600110,ZKYH,中科英华,19971007
600111,BFXT,北方稀土,19970924
600112,TCKG,天成控股,19971127
600113,ZJDR,浙江东日,19971021
600114,DMGF,东睦股份,20040511
600115,DFHK,东方航空,19971105
600116,SXSL,三峡水利,19970804
600117,XNTG,西宁特钢,19971015
600118,ZGWX,中国卫星,19970908
600119,CJTZ,长江投资,19980115
600120,ZJDF,浙江东方,19971201
600121,ZZMD,郑州煤电,19980107
600122,HTGK,宏图高科,19980420
600123,LHKC,兰花科创,19981217
600125,TLWL,铁龙物流,19980511
600126,HGGF,杭钢股份,19980311
600127,JJMY,金健米业,19980506
600128,HYGF,弘业股份,19970901
600129,TJJT,太极集团,19971118
600130,BDGF,波导股份,20000706
600131,MJSD,岷江水电,19980402
600132,ZQPJ,重庆啤酒,19971030
600133,DHGX,东湖高新,19980212
600135,LKJP,乐凯胶片,19980122
600136,DBGF,道博股份,19980303
600137,LSGF,浪莎股份,19980416
600138,ZQL,中青旅,19971203
600139,XBZY,西部资源,19980225
600141,XFJT,兴发集团,19990616
600143,JFKJ,金发科技,20040623
600145,*STXY,*ST新亿,19990923
600146,DYGF,大元股份,19990707
600148,CCYD,长春一东,19980520
600149,LFFZ,廊坊发展,19991014
600150,ZGCB,中国船舶,19980520
600151,HTJD,航天机电,19980605
600152,WKJH,维科精华,19980609
600153,JFGF,建发股份,19980616
600155,BSGF,宝硕股份,19980918
600156,HSGF,华升股份,19980527
600157,YTNY,永泰能源,19980513
600158,ZTCY,中体产业,19980327
600159,DLDC,大龙地产,19980526
600160,JHGF,巨化股份,19980626
600161,TTSW,天坛生物,19980616
600162,XJKG,香江控股,19980609
600163,*STNZ,*ST南纸,19980602
600165,XRHL,新日恒力,19980529
600166,FTQC,福田汽车,19980602
600167,LMKG,联美控股,19990128
600168,WHKG,武汉控股,19980427
600169,TYZG,太原重工,19980904
600170,SHJG,上海建工,19980623
600171,SHBL,上海贝岭,19980924
600172,HHXF,黄河旋风,19981126
600173,WLDC,卧龙地产,19990415
600175,MDNY,美都能源,19990408
600176,ZGJS,中国巨石,19990422
600177,YGE,雅戈尔,19981119
600178,DADL,东安动力,19981014
600179,HHGF,黑化股份,19981104
600180,RMT,瑞茂通,19980703
600182,SJT,S佳通,19990507
600183,SYKJ,生益科技,19981028
600184,GDGF,光电股份,20031106
600185,GLDC,格力地产,19990611
600186,LHWJ,莲花味精,19980825
600187,GZSW,国中水务,19981111
600188,YZMY,兖州煤业,19980701
600189,JLSG,吉林森工,19981007
600190,JZG,锦州港,19990609
600191,HZSY,华资实业,19981210
600192,CCDG,长城电工,19981224
600193,CXZY,创兴资源,19990527
600195,ZMGF,中牧股份,19990107
600196,FXYY,复星医药,19980807
600197,YLT,伊力特,19990916
600198,DTDX,大唐电信,19981021
600199,JZZJ,金种子酒,19980812
600200,JSWZ,江苏吴中,19990401
600201,JYJT,金宇集团,19990115
600202,HKD,哈空调,19990603
600203,FRDZ,福日电子,19990514
600206,YYXC,有研新材,19990319
600207,ACGK,安彩高科,19990714
600208,XHZB,新湖中宝,19990623
600209,LDFZ,罗顿发展,19990325
600210,ZJQY,紫江企业,19990824
600211,XZYY,西藏药业,19990721
600212,JQSY,江泉实业,19990817
600213,YXKC,亚星客车,19990831
600215,CCJK,长春经开,19990909
600216,ZJYY,浙江医药,19991021
600217,*STQL,*ST秦岭,19991216
600218,QCDL,全柴动力,19981203
600219,NSLY,南山铝业,19991223
600220,JSYG,江苏阳光,19990927
600221,HNHK,海南航空,19991125
600222,TLYY,太龙药业,19991105
600223,LSZY,鲁商置业,20000113
600225,TJSJ,天津松江,20000127
600226,SHBK,升华拜克,19991116
600227,CTH,赤天化,20000221
600228,CJSH,昌九生化,19990119
600229,QDJY,青岛碱业,20000309
600230,CZDH,沧州大化,20000406
600231,LGGF,凌钢股份,20000511
600232,JYGF,金鹰股份,20000602
600233,DYCS,大杨创世,20000608
600234,SSWH,山水文化,20000615
600235,MFTZ,民丰特纸,20000615
600236,GGDL,桂冠电力,20000323
600237,TFDZ,铜峰电子,20000609
600238,HNYD,海南椰岛,20000120
600239,YNCT,云南城投,19991202
600240,HYZB,华业资本,20000628
600241,SDWH,时代万恒,20001128
600242,*STZC,*ST中昌,20001207
600243,QHHD,青海华鼎,20001120
600246,WTDC,万通地产,20000922
600247,*STCC,*ST成城,20001123
600248,YCHJ,延长化建,20000622
600249,LMZ,两面针,20040130
600250,NFGF,南纺股份,20010306
600251,GNGF,冠农股份,20030609
600252,ZHJT,中恒集团,20001130
600255,XKCL,鑫科材料,20001122
600256,GHNY,广汇能源,20000526
600257,DHGF,大湖股份,20000612
600258,SLJD,首旅酒店,20000601
600259,GSYS,广晟有色,20000525
600260,KLKJ,凯乐科技,20000706
600261,YGZM,阳光照明,20000720
600262,BFGF,北方股份,20000630
600265,STJG,ST景谷,20000825
600266,BJCJ,北京城建,19990203
600267,HZYY,海正药业,20000725
600268,GDNZ,国电南自,19991118
600269,GYGS,赣粤高速,20000518
600270,WYFZ,外运发展,20001228
600271,HTXX,航天信息,20030711
600272,KKSY,开开实业,20010228
600273,JHNY,嘉化能源,20030627
600275,WCY,武昌鱼,20000810
600276,HRYY,恒瑞医药,20001018
600277,YLNY,亿利能源,20000725
600278,DFCY,东方创业,20000712
600279,ZQGJ,重庆港九,20000731
600280,ZYSC,中央商场,20000926
600281,THGF,太化股份,20001109
600282,NGGF,南钢股份,20000919
600283,QJSL,钱江水利,20001018
600284,PDJS,浦东建设,20040316
600285,LRZY,羚锐制药,20001018
600287,JSST,江苏舜天,20000901
600288,DHKJ,大恒科技,20001129
600289,YYXT,亿阳信通,20000720
600290,HYDQ,华仪电气,20001106
600291,XSGF,西水股份,20000731
600292,ZDYD,中电远达,20001101
600293,SXXC,三峡新材,20000919
600295,EEDS,鄂尔多斯,20010426
600297,GHQC,广汇汽车,20001116
600298,AQJM,安琪酵母,20000818
600299,LXXC,蓝星新材,20000420
600300,WWGF,维维股份,20000630
600301,*STNH,*ST南化,20000712
600302,BZGF,标准股份,20001213
600303,SGGF,曙光股份,20001226
600305,HSCY,恒顺醋业,20010206
600306,SYC,商业城,20001226
600307,JGHX,酒钢宏兴,20001220
600308,HTGF,华泰股份,20000928
600309,WHHX,万华化学,20010105
600310,GDDL,桂东电力,20010228
600311,RHSY,荣华实业,20010626
600312,PGDQ,平高电气,20010221
600313,NFZY,农发种业,20010119
600315,SHJH,上海家化,20010315
600316,HDHK,洪都航空,20001215
600317,YKG,营口港,20020131
600318,CDGF,巢东股份,20001208
600319,YXHX,亚星化学,20010326
600320,ZHZG,振华重工,20001221
600321,GDJS,国栋建设,20010524
600322,TFFZ,天房发展,20010910
600323,HLHJ,瀚蓝环境,20001225
600325,HFGF,华发股份,20040225
600326,XZTL,西藏天路,20010116
600327,DDF,大东方,20020625
600328,LTSY,兰太实业,20001222
600329,ZXYY,中新药业,20010606
600330,TTGF,天通股份,20010118
600331,HDGF,宏达股份,20011220
600332,BYS,白云山,20010206
600333,CCRQ,长春燃气,20001211
600335,GJQC,国机汽车,20010305
600336,AKM,澳柯玛,20001229
600337,MKJJ,美克家居,20001127
600338,XZZF,西藏珠峰,20001227
600339,TLGX,天利高新,20001225
600340,HXXF,华夏幸福,20031230
600343,HTDL,航天动力,20030408
600345,CJTX,长江通信,20001222
600346,DXS,大橡塑,20010820
600348,YQMY,阳泉煤业,20030821
600350,SDGS,山东高速,20020318
600351,YBYY,亚宝药业,20020926
600352,ZJLS,浙江龙盛,20030801
600353,XGGF,旭光股份,20021120
600354,DHZY,敦煌种业,20040115
600355,JLDZ,精伦电子,20020613
600356,HFZY,恒丰纸业,20010419
600358,GLLH,国旅联合,20000922
600359,XNKF,新农开发,19990429
600360,HWDZ,华微电子,20010316
600361,HLZC,华联综超,20011129
600362,JXTY,江西铜业,20020111
600363,LCGD,联创光电,20010329
600365,TPGF,通葡股份,20010115
600366,NBYS,宁波韵升,20001030
600367,HXFZ,红星发展,20010320
600368,WZJT,五洲交通,20001221
600369,XNZQ,西南证券,20010109
600370,SFX,三房巷,20030306
600371,WXDN,万向德农,20020916
600372,ZHDZ,中航电子,20010706
600373,ZWCM,中文传媒,20020304
600375,HLXM,华菱星马,20030401
600376,SKGF,首开股份,20010312
600377,NHGS,宁沪高速,20010116
600378,TKGF,天科股份,20010111
600379,BGGF,宝光股份,20020116
600380,JKY,健康元,20010608
600381,QHCT,青海春天,20010508
600382,GDMZ,广东明珠,20010118
600383,JDJT,金地集团,20010412
600385,SDJT,山东金泰,20010723
600386,BBCM,北巴传媒,20010216
600387,HYGF,海越股份,20040218
600388,LJHB,龙净环保,20001229
600389,JSGF,江山股份,20010110
600390,JRKJ,金瑞科技,20010115
600391,CFKJ,成发科技,20011212
600392,SHZY,盛和资源,20030529
600393,DHSY,东华实业,20010319
600395,PJGF,盘江股份,20010531
600396,JSGF,金山股份,20010328
600397,AYMY,安源煤业,20020702
600398,HLZJ,海澜之家,20001228
600399,FSTG,抚顺特钢,20001229
600400,HDGF,红豆股份,20010108
600401,*STHR,*ST海润,20030924
600403,DYNY,大有能源,20031009
600405,DLY,动力源,20040401
600406,GDNR,国电南瑞,20031016
600408,*STAT,*ST安泰,20030212
600409,SYHG,三友化工,20030618
600410,HSTC,华胜天成,20040427
600415,XSPC,小商品城,20020509
600416,XDGF,湘电股份,20020718
600418,JHQC,江淮汽车,20010824
600419,TRRY,天润乳业,20010628
600420,XDZY,现代制药,20040616
600421,YFKG,仰帆控股,20040607
600422,KYJT,昆药集团,20001206
600423,LHGF,柳化股份,20030717
600425,QSJH,青松建化,20030724
600426,HLHS,华鲁恒升,20020620
600428,ZYHY,中远航运,20020418
600429,SYGF,三元股份,20030915
600432,JENY,吉恩镍业,20030905
600433,GHGX,冠豪高新,20030619
600435,BFDH,北方导航,20030704
600436,PZH,片仔癀,20030616
600438,TWGF,通威股份,20040302
600439,RBK,瑞贝卡,20030710
600444,*STGT,*ST国通,20040219
600446,JZGF,金证股份,20031224
600448,HFGF,华纺股份,20010903
600449,NXJC,宁夏建材,20030829
600452,FLDL,涪陵电力,20040303
600455,BTGF,博通股份,20040329
600456,BTGF,宝钛股份,20020412
600458,SDXC,时代新材,20021219
600459,GYBY,贵研铂业,20030516
600460,SLW,士兰微,20030311
600461,HCSY,洪城水业,20040601
600462,SXZY,石岘纸业,20030903
600463,KGGF,空港股份,20040318
600466,LGFZ,蓝光发展,20010212
600467,HDJ,好当家,20040405
600468,BLDQ,百利电气,20010615
600469,FSGF,风神股份,20031021
600470,LGHG,六国化工,20040305
600475,HGGF,华光股份,20030721
600476,XYKJ,湘邮科技,20031210
600477,HXGG,杭萧钢构,20031110
600478,KLY,科力远,20030918
600479,QJYY,千金药业,20040312
600480,LYGF,凌云股份,20030815
600481,SLJN,双良节能,20030422
600482,FFGF,风帆股份,20040714
600483,FNGF,福能股份,20040531
600485,XWJT,信威集团,20030807
600486,YNHG,扬农化工,20020425
600487,HTGD,亨通光电,20030822
600488,TYGF,天药股份,20010618
600489,ZJHJ,中金黄金,20030814
600490,PXZY,鹏欣资源,20030626
600491,LYJS,龙元建设,20040524
600493,FZFZ,凤竹纺织,20040421
600495,JXCZ,晋西车轴,20040526
600496,JGGG,精工钢构,20020605
600497,CHXZ,驰宏锌锗,20040420
600498,FHTX,烽火通信,20010823
600499,KDJN,科达洁能,20021010
600500,ZHGJ,中化国际,20000301
600501,HTCG,航天晨光,20010615
600502,AHSL,安徽水利,20030415
600503,HLJZ,华丽家族,20020709
600505,XCDL,西昌电力,20020530
600506,XLGF,香梨股份,20011226
600507,FDTG,方大特钢,20030930
600508,SHNY,上海能源,20010829
600509,TFNY,天富能源,20020228
600510,HMD,黑牡丹,20020618
600511,GYGF,国药股份,20021127
600512,TDJS,腾达建设,20021226
600513,LHYY,联环药业,20030319
600515,HDJS,海岛建设,20020806
600516,FDTS,方大炭素,20020830
600517,ZXDQ,置信电气,20031010
600518,KMYY,康美药业,20010319
600519,GZMT,贵州茅台,20010827
600520,ZFKJ,中发科技,20020108
600521,HHYY,华海药业,20030304
600522,ZTKJ,中天科技,20021024
600523,GHGF,贵航股份,20011227
600525,CYJT,长园集团,20021202
600526,FDHB,菲达环保,20020722
600527,JNGX,江南高纤,20031127
600528,ZTEJ,中铁二局,20010528
600529,SDYB,山东药玻,20020603
600530,JDAL,交大昂立,20010702
600531,YGJQ,豫光金铅,20020730
600532,HDKY,宏达矿业,20021031
600533,QXJS,栖霞建设,20020328
600535,TSL,天士力,20020823
600536,ZGRJ,中国软件,20020517
600537,YJGD,亿晶光电,20030123
600538,GFGF,国发股份,20030114
600539,*STST,*ST狮头,20010824
600540,XSGF,新赛股份,20040107
600543,MGGF,莫高股份,20040324
600545,XJCJ,新疆城建,20031203
600546,SMGJ,山煤国际,20030731
600547,SDHJ,山东黄金,20030828
600548,SGS,深高速,20011225
600549,XMWY,厦门钨业,20021107
600550,BBDQ,保变电气,20010228
600551,SDCB,时代出版,20020905
600552,FXKJ,方兴科技,20021108
600555,JLS,九龙山,20010328
600556,HQKJ,慧球科技,20010807
600557,KYYY,康缘药业,20020918
600558,DXY,大西洋,20010227
600559,LBGJ,老白干酒,20021029
600560,JZTZ,金自天正,20020919
600561,JXCY,江西长运,20020716
600562,GRKJ,国睿科技,20030128
600563,FLDZ,法拉电子,20021210
600565,DMGF,迪马股份,20020723
600566,JCYY,济川药业,20010822
600567,SYZY,山鹰纸业,20011218
600568,ZZKG,中珠控股,20010518
600569,AYGT,安阳钢铁,20010820
600570,HSDZ,恒生电子,20031216
600571,XYD,信雅达,20021101
600572,KEB,康恩贝,20040412
600573,HQPJ,惠泉啤酒,20030226
600575,WJWL,皖江物流,20030328
600576,WHWJ,万好万家,20030220
600577,JDGF,精达股份,20020911
600578,JNDL,京能电力,20020510
600579,THY,天华院,20020809
600580,WLDQ,卧龙电气,20020606
600581,BYGT,八一钢铁,20020816
600582,TDKJ,天地科技,20020515
600583,HYGC,海油工程,20020205
600584,CDKJ,长电科技,20030603
600585,HLSN,海螺水泥,20020207
600586,JJKJ,金晶科技,20020815
600587,XHYL,新华医疗,20020927
600588,YYWL,用友网络,20010518
600589,GDRT,广东榕泰,20010612
600590,THKJ,泰豪科技,20020703
600592,LXGF,龙溪股份,20020805
600593,DLSY,大连圣亚,20020711
600594,YBZY,益佰制药,20040323
600595,ZFSY,中孚实业,20020626
600596,XAGF,新安股份,20010906
600597,GMRY,光明乳业,20020828
600598,BDH,北大荒,20020329
600599,XMJK,熊猫金控,20010828
600600,QDPJ,青岛啤酒,19930827
600601,FZKJ,方正科技,19901219
600602,YDDZ,仪电电子,19901219
600603,DZXY,大洲兴业,19920113
600604,SBGX,市北高新,19920327
600605,HTNY,汇通能源,19920327
600606,JFTZ,金丰投资,19920327
600608,*STHK,*ST沪科,19920327
600609,JBQC,金杯汽车,19920724
600610,ZYD,中毅达,19920805
600611,DZJT,大众交通,19920807
600612,LFX,老凤祥,19920814
600613,SQZY,神奇制药,19920820
600614,DLGF,鼎立股份,19920828
600615,FHGF,丰华股份,19920910
600616,JFJY,金枫酒业,19920929
600617,GXNY,国新能源,19921013
600618,LJHG,氯碱化工,19921113
600619,HLGF,海立股份,19921116
600620,TCGF,天宸股份,19921117
600621,HXGF,华鑫股份,19921202
600622,JBJT,嘉宝集团,19921203
600623,SQGF,双钱股份,19921204
600624,FDFH,复旦复华,19930105
600626,SDGF,申达股份,19930107
600628,XSJ,新世界,19930119
600629,LGSY,棱光实业,19930209
600630,LTGF,龙头股份,19930209
600633,ZBCM,浙报传媒,19930304
600634,ZJKG,中技控股,19930304
600635,DZGY,大众公用,19930304
600636,SAF,三爱富,19930316
600637,DFMZ,东方明珠,19930316
600638,XHP,新黄浦,19930326
600639,PDJQ,浦东金桥,19930326
600640,HBKG,号百控股,19930407
600641,WYQY,万业企业,19930407
600642,SNGF,申能股份,19930416
600643,AJGF,爱建股份,19930426
600644,*STLD,*ST乐电,19930426
600645,ZYXH,中源协和,19930504
600647,TDCY,同达创业,19930504
600648,WGQ,外高桥,19930504
600649,CTKG,城投控股,19930518
600650,JJTZ,锦江投资,19930607
600651,FLYX,飞乐音响,19901219
600652,YJYX,游久游戏,19901219
600653,SHKG,申华控股,19901219
600654,ZAX,中安消,19901219
600655,YYSC,豫园商城,19920902
600657,XDDC,信达地产,19930524
600658,DZC,电子城,19930524
600660,FYBL,福耀玻璃,19930610
600661,XNY,新南洋,19930614
600662,QSKG,强生控股,19930614
600663,LJZ,陆家嘴,19930628
600664,HYGF,哈药股份,19930629
600665,TDY,天地源,19930709
600666,ARD,奥瑞德,19930712
600667,TJSY,太极实业,19930728
600668,JFJT,尖峰集团,19930728
600671,TMYY,天目药业,19930823
600673,DYGK,东阳光科,19930917
600674,CTNY,川投能源,19930924
600675,ZHQY,中华企业,19930924
600676,JYGF,交运股份,19930928
600677,HTTX,航天通信,19930928
600678,SCJD,四川金顶,19931008
600679,JSKF,金山开发,19931008
600680,SHPT,上海普天,19931018
600681,WHJT,万鸿集团,19931018
600682,NJXB,南京新百,19931018
600683,JTYT,京投银泰,19931025
600684,ZJSY,珠江实业,19931028
600685,ZCFW,中船防务,19931028
600686,JLQC,金龙汽车,19931108
600687,GTKG,刚泰控股,19931108
600688,SHSH,上海石化,19931108
600689,SHSM,上海三毛,19931108
600690,QDHE,青岛海尔,19931119
600691,*STYH,*ST阳化,19931119
600692,YTGF,亚通股份,19931119
600693,DBJT,东百集团,19931122
600694,DSGF,大商股份,19931122
600695,LTTZ,绿庭投资,19931122
600696,PTP,匹凸匹,19931206
600697,OYJT,欧亚集团,19931206
600698,HNTY,湖南天雁,19931206
600699,JSDZ,均胜电子,19931206
600701,GDGX,工大高新,19960528
600702,TPSD,沱牌舍得,19960524
600703,SAGD,三安光电,19960528
600704,WCZD,物产中大,19960606
600705,ZHZB,中航资本,19960516
600706,QJWL,曲江文旅,19960516
600707,CHGF,彩虹股份,19960520
600708,HBGF,海博股份,19960606
600710,*STCL,*ST常林,19960701
600711,STKY,盛屯矿业,19960531
600712,NNBH,南宁百货,19960626
600713,NJYY,南京医药,19960701
600714,JRKY,金瑞矿业,19960606
600715,*STSL,*ST松辽,19960701
600716,FHGF,凤凰股份,19960702
600717,TJG,天津港,19960614
600718,DRJT,东软集团,19960618
600719,DLRD,大连热电,19960716
600720,QLS,祁连山,19960716
600721,BHC,百花村,19960626
600722,*STJH,*ST金化,19960626
600723,SSGF,首商股份,19960716
600724,NBFD,宁波富达,19960716
600725,YWGF,云维股份,19960702
600726,HDNY,华电能源,19960701
600727,LBHG,鲁北化工,19960702
600728,JDKJ,佳都科技,19960716
600729,ZQBH,重庆百货,19960702
600730,ZGGK,中国高科,19960726
600731,HNHL,湖南海利,19960802
600732,*STXM,*ST新梅,19960816
600733,SQF,S前锋,19960816
600734,SDJT,实达集团,19960808
600735,XHJ,新华锦,19960726
600736,SZGX,苏州高新,19960815
600737,ZLTH,中粮屯河,19960731
600738,LZMB,兰州民百,19960802
600739,LNCD,辽宁成大,19960819
600740,SXJH,山西焦化,19960808
600741,HYQC,华域汽车,19960826
600742,YQFW,一汽富维,19960826
600743,HYDC,华远地产,19960909
600744,HYDL,华银电力,19960905
600745,ZYGF,中茵股份,19960828
600746,JSSP,江苏索普,19960918
600747,DLKG,大连控股,19960916
600748,SSFZ,上实发展,19960925
600749,XZLY,西藏旅游,19961015
600750,JZYY,江中药业,19960923
600751,THTZ,天海投资,19960909
600753,DFYX,东方银星,19960927
600754,JJGF,锦江股份,19961011
600755,XMGM,厦门国贸,19961003
600756,LCRJ,浪潮软件,19960923
600757,CJCM,长江传媒,19961003
600758,HYNY,红阳能源,19961029
600759,ZJYQ,洲际油气,19961008
600760,ZHHB,中航黑豹,19961011
600761,AHHL,安徽合力,19961009
600763,TCYL,通策医疗,19961030
600764,ZDGT,中电广通,19961104
600765,ZHZJ,中航重机,19961106
600766,YCHJ,园城黄金,19961028
600767,YSYL,运盛医疗,19961115
600768,NBFB,宁波富邦,19961111
600769,XLDY,祥龙电业,19961101
600770,ZYGF,综艺股份,19961120
600771,GYY,广誉远,19961105
600773,XZCT,西藏城投,19961108
600774,HSJT,汉商集团,19961108
600775,NJXM,南京熊猫,19961118
600776,DFTX,东方通信,19961126
600777,XCSY,新潮实业,19961121
600778,YHJT,友好集团,19961203
600779,*STSJ,*ST水井,19961206
600780,TBNY,通宝能源,19961205
600781,FRYY,辅仁药业,19961218
600782,XGGF,新钢股份,19961225
600783,LXCT,鲁信创投,19961225
600784,LYTZ,鲁银投资,19961225
600785,XHBH,新华百货,19970108
600787,ZCGF,中储股份,19970121
600789,LKYY,鲁抗医药,19970226
600790,QFC,轻纺城,19970228
600791,JNZY,京能置业,19970130
600792,YMNY,云煤能源,19970123
600793,STYZ,ST宜纸,19970220
600794,BSKJ,保税科技,19970306
600795,GDDL,国电电力,19970318
600796,QJSH,钱江生化,19970408
600797,ZDWX,浙大网新,19970418
600798,NBHY,宁波海运,19970423
600800,TJCK,天津磁卡,19931206
600801,HXSN,华新水泥,19940103
600802,FJSN,福建水泥,19940103
600803,XAGF,新奥股份,19940103
600804,PBS,鹏博士,19940103
600805,YDTZ,悦达投资,19940103
600806,KMJC,昆明机床,19940103
600807,TYGF,天业股份,19940103
600808,MGGF,马钢股份,19940106
600809,SXFJ,山西汾酒,19940106
600810,SMGF,神马股份,19940106
600811,DFJT,东方集团,19940106
600812,HBZY,华北制药,19940114
600814,HZJB,杭州解百,19940114
600815,XGGF,厦工股份,19940128
600816,AXXT,安信信托,19940128
600817,STHS,ST宏盛,19940128
600818,ZLGF,中路股份,19940128
600819,YPBL,耀皮玻璃,19940128
600820,SDGF,隧道股份,19940128
600821,JQY,津劝业,19940128
600822,SHWM,上海物贸,19940204
600823,SMGF,世茂股份,19940204
600824,YMJT,益民集团,19940204
600825,XHCM,新华传媒,19940204
600826,LSGF,兰生股份,19940204
600827,BLGF,百联股份,19940204
600828,CSJT,成商集团,19940224
600829,RMTT,人民同泰,19940224
600830,XYRT,香溢融通,19940224
600831,GDWL,广电网络,19940224
600833,DYYY,第一医药,19940224
600834,STDT,申通地铁,19940224
600835,SHJD,上海机电,19940224
600836,JLSY,界龙实业,19940224
600837,HTZQ,海通证券,19940224
600838,SHJB,上海九百,19940224
600839,SCCH,四川长虹,19940311
600841,SCGF,上柴股份,19940311
600843,SGSB,上工申贝,19940311
600844,DHKJ,丹化科技,19940311
600845,BXRJ,宝信软件,19940311
600846,TJKJ,同济科技,19940311
600847,WLGF,万里股份,19940324
600848,ZYGF,自仪股份,19940324
600850,HDDN,华东电脑,19940324
600851,HXGF,海欣股份,19940404
600853,LJGF,龙建股份,19940404
600854,CLGF,春兰股份,19940425
600855,HTCF,航天长峰,19940425
600856,CBJT,长百集团,19940425
600857,NBZB,宁波中百,19940425
600858,YZGF,银座股份,19940506
600859,WFJ,王府井,19940506
600860,JCGF,京城股份,19940506
600861,BJCX,北京城乡,19940520
600862,NTKJ,南通科技,19940520
600863,NMHD,内蒙华电,19940520
600864,HTGF,哈投股份,19940809
600865,BDJT,百大集团,19940809
600866,XHKJ,星湖科技,19940818
600867,THDB,通化东宝,19940824
600868,MYJX,梅雁吉祥,19940912
600869,ZHNY,智慧能源,19950206
600870,*STXH,*ST厦华,19950228
600871,SHYF,石化油服,19950411
600872,ZJGX,中炬高新,19950124
600873,MHSW,梅花生物,19950217
600874,CYHB,创业环保,19950630
600875,DFDQ,东方电气,19951010
600876,LYBL,洛阳玻璃,19951031
600877,ZGJL,中国嘉陵,19951013
600879,HTDZ,航天电子,19951115
600880,BRCB,博瑞传播,19951115
600881,YTJT,亚泰集团,19951115
600882,HLKY,华联矿业,19951206
600883,BWKJ,博闻科技,19951208
600884,SSGF,杉杉股份,19960130
600885,HFGF,宏发股份,19960205
600886,GTDL,国投电力,19960118
600887,YLGF,伊利股份,19960312
600888,XJZH,新疆众和,19960215
600889,NJHX,南京化纤,19960308
600890,ZFGF,中房股份,19960318
600891,QLJT,秋林集团,19960325
600892,BCGF,宝诚股份,19960315
600893,ZHDL,中航动力,19960408
600894,GRGF,广日股份,19960328
600895,ZJGK,张江高科,19960422
600896,ZHHS,中海海盛,19960503
600897,XMKG,厦门空港,19960531
600898,SLSS,三联商社,19960418
600900,CJDL,长江电力,20031118
600917,ZQRQ,重庆燃气,20140930
600958,DFZQ,东方证券,20150323
600959,JSYX,江苏有线,20150428
600960,BHHS,渤海活塞,20040407
600961,ZYJT,株冶集团,20040830
600962,*STZL,*ST中鲁,20040622
600963,YYLZ,岳阳林纸,20040525
600965,FCWF,福成五丰,20040713
600966,BHZY,博汇纸业,20040608
600967,BFCY,北方创业,20040518
600969,CDGJ,郴电国际,20040408
600970,ZCGJ,中材国际,20050412
600971,HYMD,恒源煤电,20040817
600973,BSGF,宝胜股份,20040802
600975,XWF,新五丰,20040609
600976,JMJT,健民集团,20040419
600978,YHMY,宜华木业,20040824
600979,GAAZ,广安爱众,20040906
600980,BKCC,北矿磁材,20040512
600981,HHGF,汇鸿股份,20040630
600982,NBRD,宁波热电,20040706
600983,HEP,惠而浦,20040727
600984,*STJJ,*ST建机,20040707
600985,LMKH,雷鸣科化,20040428
600986,KDGF,科达股份,20040426
600987,HMGF,航民股份,20040809
600988,CFHJ,赤峰黄金,20040414
600990,SCDZ,四创电子,20040510
600992,GSGF,贵绳股份,20040514
600993,MYL,马应龙,20040517
600995,WSDL,文山电力,20040615
600997,KLGF,开滦股份,20040602
600998,JZT,九州通,20101102
600999,ZSZQ,招商证券,20091117
601000,TSG,唐山港,20100705
601001,DTMY,大同煤业,20060623
601002,JYSY,晋亿实业,20070126
601003,LGGF,柳钢股份,20070227
601005,ZQGT,重庆钢铁,20070228
601006,DQTL,大秦铁路,20060801
601007,JLFD,金陵饭店,20070406
601008,LYG,连云港,20070426
601009,NJYH,南京银行,20070719
601010,WFGF,文峰股份,20110603
601011,BTL,宝泰隆,20110309
601012,LJGF,隆基股份,20120411
601015,SXHM,陕西黑猫,20141105
601016,JNFD,节能风电,20140929
601018,NBG,宁波港,20100928
601021,CQHK,春秋航空,20150121
601028,YLGF,玉龙股份,20111107
601038,YTGF,一拖股份,20120808
601058,SLJY,赛轮金宇,20110630
601069,XBHJ,西部黄金,20150122
601088,ZGSH,中国神华,20071009
601098,ZNCM,中南传媒,20101028
601099,TPY,太平洋,20071228
601100,HLYG,恒立油缸,20111028
601101,HHNY,昊华能源,20100331
601106,ZGYZ,中国一重,20100209
601107,SCCY,四川成渝,20090727
601111,ZGGH,中国国航,20060818
601113,HDGF,华鼎股份,20110509
601116,SJGW,三江购物,20110302
601117,ZGHX,中国化学,20100107
601118,HNXJ,海南橡胶,20110107
601126,SFGF,四方股份,20101231
601137,BWHJ,博威合金,20110127
601139,SZRQ,深圳燃气,20091225
601158,ZQSW,重庆水务,20100329
601166,XYYH,兴业银行,20070205
601168,XBKY,西部矿业,20070712
601169,BJYH,北京银行,20070919
601177,HCQJ,杭齿前进,20101011
601179,ZGXD,中国西电,20100128
601186,ZGTJ,中国铁建,20080310
601188,LJJT,龙江交通,20100319
601198,DXZQ,东兴证券,20150226
601199,JNSW,江南水务,20110317
601208,DCKJ,东材科技,20110520
601211,GTJA,国泰君安,20150626
601216,NMJZ,内蒙君正,20110222
601218,JXKJ,吉鑫科技,20110506
601222,LYDZ,林洋电子,20110808
601225,SXMY,陕西煤业,20140128
601226,HDZG,华电重工,20141211
601231,HXDZ,环旭电子,20120220
601233,TKGF,桐昆股份,20110518
601238,GQJT,广汽集团,20120329
601258,PDJT,庞大集团,20110428
601288,NYYH,农业银行,20100715
601311,LTGF,骆驼股份,20110602
601313,JNJJ,江南嘉捷,20120116
601318,ZGPA,中国平安,20070301
601328,JTYH,交通银行,20070515
601333,GSTL,广深铁路,20061222
601336,XHBX,新华保险,20111216
601339,BLDF,百隆东方,20120612
601368,LCSW,绿城水务,20150612
601369,SGDL,陕鼓动力,20100428
601377,XYZQ,兴业证券,20101013
601388,YQZY,怡球资源,20120423
601390,ZGZT,中国中铁,20071203
601398,GSYH,工商银行,20061027
601515,DFGF,东风股份,20120216
601518,JLGS,吉林高速,20100319
601519,DZH,大智慧,20110128
601555,DWZQ,东吴证券,20111212
601558,HRFD,华锐风电,20110113
601566,JMW,九牧王,20110530
601567,SXDQ,三星电气,20110615
601579,HJS,会稽山,20140825
601588,BCSY,北辰实业,20061016
601599,LGKJ,鹿港科技,20110527
601600,ZGLY,中国铝业,20070430
601601,ZGTB,中国太保,20071225
601607,SHYY,上海医药,19940324
601608,ZXZG,中信重工,20120706
601616,GDDQ,广电电气,20110201
601618,ZGZY,中国中冶,20090921
601628,ZGRS,中国人寿,20070109
601633,CCQC,长城汽车,20110928
601636,QBJT,旗滨集团,20110812
601666,PMGF,平煤股份,20061123
601668,ZGJZ,中国建筑,20090729
601669,ZGDJ,中国电建,20111018
601677,MTLY,明泰铝业,20110919
601678,BHGF,滨化股份,20100223
601688,HTZQ,华泰证券,20100226
601689,TPJT,拓普集团,20150319
601699,LAHN,潞安环能,20060922
601700,FFGF,风范股份,20110118
601717,ZMJ,郑煤机,20100803
601718,JHJT,际华集团,20100816
601727,SHDQ,上海电气,20081205
601766,ZGZC,中国中车,20080818
601777,LFGF,力帆股份,20101125
601788,GDZQ,光大证券,20090818
601789,NBJG,宁波建工,20110816
601798,LKGX,蓝科高新,20110622
601799,XYGF,星宇股份,20110201
601800,ZGJJ,中国交建,20120309
601801,WXCM,皖新传媒,20100118
601808,ZHYF,中海油服,20070928
601818,GDYH,光大银行,20100818
601857,ZGSY,中国石油,20071105
601866,ZHJY,中海集运,20071212
601872,ZSLC,招商轮船,20061201
601877,ZTDQ,正泰电器,20100121
601880,DLG,大连港,20101206
601886,JHCJ,江河创建,20110818
601888,ZGGL,中国国旅,20091015
601890,YXML,亚星锚链,20101228
601898,ZMNY,中煤能源,20080201
601899,ZJKY,紫金矿业,20080425
601901,FZZQ,方正证券,20110810
601908,JYT,京运通,20110908
601918,GTXJ,国投新集,20071219
601919,ZGYY,中国远洋,20070626
601928,FHCM,凤凰传媒,20111130
601929,JSCM,吉视传媒,20120223
601933,YHCS,永辉超市,20101215
601939,JSYH,建设银行,20070925
601958,JMGF,金钼股份,20080417
601965,ZGQY,中国汽研,20120611
601968,BGBZ,宝钢包装,20150611
601969,HNKY,海南矿业,20141209
601985,ZGHD,中国核电,20150610
601988,ZGYH,中国银行,20060705
601989,ZGZG,中国重工,20091216
601991,DTFD,大唐发电,20061220
601992,JYGF,金隅股份,20110301
601996,FLJT,丰林集团,20110929
601998,ZXYH,中信银行,20070427
601999,CBCM,出版传媒,20071221
603000,RMW,人民网,20120427
603001,AKGJ,奥康国际,20120426
603002,HCDZ,宏昌电子,20120518
603003,LYRY,龙宇燃油,20120817
603005,JFKJ,晶方科技,20140210
603006,LMGF,联明股份,20140630
603008,XLM,喜临门,20120717
603009,BTKJ,北特科技,20140718
603010,WSGF,万盛股份,20141010
603011,HDGF,合锻股份,20141107
603012,CLJT,创力集团,20150320
603015,HXKJ,弘讯科技,20150303
603017,YQSJ,园区设计,20141231
603018,SJGF,设计股份,20141013
603019,ZKSG,中科曙光,20141106
603020,APGF,爱普股份,20150325
603021,SDHP,山东华鹏,20150423
603022,XTL,新通联,20150518
603023,WDGF,威帝股份,20150527
603025,DHKJ,大豪科技,20150422
603026,SDSH,石大胜华,20150529
603030,QZGF,全筑股份,20150320
603066,YFCC,音飞储存,20150611
603077,HBSW,和邦生物,20120731
603085,TCZK,天成自控,20150630
603088,NBJD,宁波精达,20141111
603099,CBS,长白山,20140822
603100,CYGF,川仪股份,20140805
603108,RDYL,润达医疗,20150527
603111,KNJD,康尼机电,20140801
603116,HQT,红蜻蜓,20150629
603117,WLGF,万林股份,20150629
603118,GJGF,共进股份,20150225
603123,CWGF,翠微股份,20120503
603126,ZCJN,中材节能,20140731
603128,HMWL,华贸物流,20120529
603158,TLGF,腾龙股份,20150320
603166,FDGF,福达股份,20141127
603167,BHLD,渤海轮渡,20120906
603168,SPAS,莎普爱思,20140702
603169,LSZZ,兰石重装,20141009
603188,YBGF,亚邦股份,20140909
603198,YJGJ,迎驾贡酒,20150528
603199,JHLY,九华旅游,20150326
603222,JMZY,济民制药,20150217
603223,HTGF,恒通股份,20150630
603227,XFKJ,雪峰科技,20150515
603268,SFGF,松发股份,20150319
603288,HTWY,海天味业,20140211
603300,HTKJ,华铁科技,20150529
603306,HMKJ,华懋科技,20140926
603308,YLGF,应流股份,20140122
603309,WLYL,维力医疗,20150302
603311,JHHJ,金海环境,20150518
603315,FAGF,福鞍股份,20150424
603318,PSGF,派思股份,20150424
603328,YDDZ,依顿电子,20140701
603333,MXDL,明星电缆,20120507
603338,ZJDL,浙江鼎力,20150325
603355,LKDQ,莱克电气,20150513
603366,RCDF,日出东方,20120521
603368,LZYY,柳州医药,20141204
603369,JSY,今世缘,20140703
603399,XHL,新华龙,20120824
603456,JZYY,九洲药业,20141010
603518,WGNS,维格娜丝,20141203
603519,LBGF,立霸股份,20150319
603555,GRN,贵人鸟,20140124
603558,JSJT,健盛集团,20150127
603566,PLK,普莱柯,20150518
603567,ZBD,珍宝岛,20150424
603568,WMHB,伟明环保,20150528
603588,GNHJ,高能环境,20141229
603589,KZJ,口子窖,20150629
603598,YLCM,引力传媒,20150527
603599,GXGF,广信股份,20150513
603600,YYGF,永艺股份,20150123
603601,ZSKJ,再升科技,20150122
603606,DFDL,东方电缆,20141015
603609,HFMY,禾丰牧业,20140808
603611,NLGF,诺力股份,20150128
603616,HJHS,韩建河山,20150611
603618,HDGF,杭电股份,20150217
603636,NWRJ,南威软件,20141230
603669,LKYY,灵康药业,20150528
603678,HJDZ,火炬电子,20150126
603686,LMHW,龙马环卫,20150126
603688,SYGF,石英股份,20141031
603698,HTGC,航天工程,20150128
603699,NWGF,纽威股份,20140117
603703,SYKJ,盛洋科技,20150423
603718,HLSW,海利生物,20150515
603729,LYGF,龙韵股份,20150324
603766,LXTY,隆鑫通用,20120810
603788,NBGF,宁波高发,20150120
603789,XGNJ,星光农机,20150427
603799,HYGY,华友钴业,20150129
603806,FST,福斯特,20140905
603808,GLS,歌力思,20150422
603818,QMGF,曲美股份,20150422
603828,KLD,柯利达,20150226
603838,STGF,四通股份,20150701
603869,BBWL,北部湾旅,20150326
603883,LBX,老百姓,20150423
603885,JXHK,吉祥航空,20150527
603889,XAGF,新澳股份,20141231
603898,HLK,好莱客,20150217
603899,CGWJ,晨光文具,20150127
603901,YCZN,永创智能,20150529
603918,JQXX,金桥信息,20150528
603939,YFYF,益丰药房,20150217
603968,CHGF,醋化股份,20150518
603969,YLGF,银龙股份,20150227
603979,JCX,金诚信,20150630
603988,ZDDJ,中电电机,20141104
603989,AHJT,艾华集团,20150515
603993,LYMY,洛阳钼业,20121009
603997,JFGF,继峰股份,20150302
603998,FSZY,方盛制药,20141205
000001,PAYH,平安银行,19910403
000002,WKA,万 科Ａ,19910129
000004,GNKJ,国农科技,19910114
000005,SJXY,世纪星源,19901210
000006,SZYA,深振业Ａ,19920427
000007,LQGF,零七股份,19920413
000008,SZGT,神州高铁,19920507
000009,ZGBA,中国宝安,19910625
000010,SHX,深华新,19951027
000011,SWYA,深物业A,19920330
000012,NBA,南 玻Ａ,19920228
000014,SHGF,沙河股份,19920602
000016,SKJA,深康佳Ａ,19920327
000017,SZHA,深中华A,19920331
000018,ZGA,中冠A,19920616
000019,SSBA,深深宝Ａ,19921012
000020,SHFA,深华发Ａ,19920428
000021,SKJ,深科技,19940202
000022,SCWA,深赤湾Ａ,19930505
000023,STDA,深天地Ａ,19930429
000024,ZSDC,招商地产,19930607
000025,TLA,特 力Ａ,19930621
000026,FYDA,飞亚达Ａ,19930603
000027,SZNY,深圳能源,19930903
000028,GYYZ,国药一致,19930809
000029,SSFA,深深房Ａ,19930915
000030,FAGF,富奥股份,19930929
000031,ZLDC,中粮地产,19931008
000032,SSDA,深桑达Ａ,19931028
000033,*STXD,*ST新都,19940103
000034,SXTF,深信泰丰,19940509
000035,ZGTY,中国天楹,19940408
000036,HLKG,华联控股,19940617
000037,SNDA,深南电Ａ,19940701
000038,SDT,深大通,19940808
000039,ZJJT,中集集团,19940408
000040,BADC,宝安地产,19940808
000042,ZZKG,中洲控股,19940921
000043,ZHDC,中航地产,19940928
000045,SFZA,深纺织Ａ,19940815
000046,FHKG,泛海控股,19940912
000048,KDE,康达尔,19941101
000049,DSDC,德赛电池,19950320
000050,STMA,深天马Ａ,19950315
000055,FDJT,方大集团,19960415
000056,SGS,深国商,19960708
000058,SSG,深 赛 格,19961226
000059,*STHJ,*ST华锦,19970130
000060,ZJLN,中金岭南,19970123
000061,NCP,农 产 品,19970110
000062,SZHQ,深圳华强,19970130
000063,ZXTX,中兴通讯,19971118
000065,BFGJ,北方国际,19980605
000066,CCDN,长城电脑,19970626
000068,*STHS,*ST华赛,19970611
000069,HQCA,华侨城Ａ,19970910
000070,TFXX,特发信息,20000511
000078,HWSW,海王生物,19981218
000088,YTG,盐 田 港,19970728
000089,SZJC,深圳机场,19980420
000090,TJJT,天健集团,19990721
000096,GJNY,广聚能源,20000724
000099,ZXHZ,中信海直,20000731
000100,TCLJT,TCL 集团,20040130
000150,YHJK,宜华健康,20000807
000151,ZCGF,中成股份,20000906
000153,FYYY,丰原药业,20000920
000155,*STCH,*ST川化,20000926
000156,HSCM,华数传媒,20000906
000157,ZLZK,中联重科,20001012
000158,CSGF,常山股份,20000724
000159,GJSY,国际实业,20000926
000166,SWHY,申万宏源,20150126
000301,DFSC,东方市场,20000529
000333,MDJT,美的集团,20130918
000338,WCDL,潍柴动力,20070430
000400,XJDQ,许继电气,19970418
000401,JDSN,冀东水泥,19960614
000402,JRJ,金 融 街,19960626
000403,STSH,ST生化,19960628
000404,HYYS,华意压缩,19960619
000407,SLGF,胜利股份,19960703
000408,JGY,金谷源,19960628
000409,SDDK,山东地矿,19960627
000410,SYJC,沈阳机床,19960718
000411,YTJT,英特集团,19960716
000413,DXGD,东旭光电,19960925
000415,BHZL,渤海租赁,19960716
000416,MSKG,民生控股,19960719
000417,HFBH,合肥百货,19960812
000418,XTEA,小天鹅Ａ,19970328
000419,TCKG,通程控股,19960816
000420,JLHX,吉林化纤,19960802
000421,NJZB,南京中北,19960806
000422,HBYH,湖北宜化,19960815
000423,DAAJ,东阿阿胶,19960729
000425,XGJX,徐工机械,19960828
000426,XYKY,兴业矿业,19960828
000428,HTJD,华天酒店,19960808
000429,YGSA,粤高速Ａ,19980220
000430,ZJJ,张家界,19960829
000488,CMZY,晨鸣纸业,20001120
000498,SDLQ,山东路桥,19970609
000501,EWSA,鄂武商Ａ,19921120
000502,LJKG,绿景控股,19921123
000503,HHKG,海虹控股,19921130
000504,NHSW,南华生物,19921208
000505,ZJKG,珠江控股,19921221
000506,ZRZY,中润资源,19930312
000507,ZHG,珠海港,19930326
000509,HSKG,华塑控股,19930507
000510,*STJL,*ST金路,19930507
000511,XTXC,烯碳新材,19930518
000513,LZJT,丽珠集团,19931028
000514,YKF,渝 开 发,19930712
000516,GJYX,国际医学,19930809
000517,RADC,荣安地产,19930806
000518,SHSW,四环生物,19930908
000519,JNHJ,江南红箭,19931008
000520,CHFH,长航凤凰,19931025
000521,MLDQ,美菱电器,19931018
000523,GZLQ,广州浪奇,19931108
000524,LNKG,岭南控股,19931118
000525,HTY,红 太 阳,19931028
000526,YRTZ,银润投资,19931101
000528,LG,柳 工,19931118
000529,GHKG,广弘控股,19931118
000530,DLGF,大冷股份,19931208
000531,SHYA,穗恒运Ａ,19940106
000532,LHGF,力合股份,19940103
000533,WJL,万 家 乐,19940103
000534,WZGF,万泽股份,19940110
000536,HYKJ,华映科技,19931126
000537,GYFZ,广宇发展,19931210
000538,YNBY,云南白药,19931215
000539,YDLA,粤电力Ａ,19931126
000540,ZTCT,中天城投,19940202
000541,FSZM,佛山照明,19931123
000543,WNDL,皖能电力,19931220
000544,ZYHB,中原环保,19931208
000545,JPY,金浦钛业,19931215
000546,JYGF,金圆股份,19931215
000547,MFFA,闽福发Ａ,19931130
000548,HNTZ,湖南投资,19931220
000550,JLQC,江铃汽车,19931201
000551,CYKJ,创元科技,19940106
000552,JYMD,靖远煤电,19940106
000553,SLDA,沙隆达Ａ,19931203
000554,TSSY,泰山石油,19931215
000555,SZXX,神州信息,19940408
000557,*STGX,*ST广夏,19940617
000558,LYZY,莱茵置业,19940509
000559,WXQC,万向钱潮,19940110
000560,KBDA,昆百大Ａ,19940202
000561,FHDZ,烽火电子,19940509
000563,SGTA,陕国投Ａ,19940110
000564,XAMS,西安民生,19940110
000565,YSXA,渝三峡Ａ,19940408
000566,HNHY,海南海药,19940525
000567,HDGF,海德股份,19940525
000568,LZLJ,泸州老窖,19940509
000570,SCCA,苏常柴Ａ,19940701
000571,XDZA,新大洲Ａ,19940525
000572,HMQC,海马汽车,19940808
000573,YHYA,粤宏远Ａ,19940815
000576,GDGH,广东甘化,19940907
000581,WFGK,威孚高科,19980924
000582,BBWG,北部湾港,19951102
000584,YLKG,友利控股,19951128
000585,DBDQ,东北电气,19951213
000586,HYTX,汇源通信,19951220
000587,JYZB,金叶珠宝,19960425
000589,QLTA,黔轮胎Ａ,19960308
000590,*STGH,*ST古汉,19960119
000591,TJG,桐 君 阁,19960208
000592,PTFZ,平潭发展,19960327
000593,DTRQ,大通燃气,19960312
000595,BTSY,宝塔实业,19960419
000596,GJGJ,古井贡酒,19960927
000597,DBZY,东北制药,19960523
000598,XRHJ,兴蓉环境,19960529
000599,QDSX,青岛双星,19960430
000600,JTNY,建投能源,19960606
000601,SNGF,韶能股份,19960830
000603,SDKY,盛达矿业,19960823
000605,BHGF,渤海股份,19960913
000606,QHMJ,青海明胶,19961004
000607,HMKG,华媒控股,19960830
000608,YGGF,阳光股份,19960919
000609,MSGF,绵世股份,19961010
000610,XALY,西安旅游,19960926
000611,*STMF,*ST蒙发,19961008
000612,JZWF,焦作万方,19960926
000613,DDHA,大东海A,19970128
000615,HBJH,湖北金环,19961016
000616,HHTZ,海航投资,19961108
000617,SYJC,石油济柴,19961022
000619,HLXC,海螺型材,19961023
000620,XHL,新华联,19961029
000622,HLSY,恒立实业,19961107
000623,JLAD,吉林敖东,19961028
000625,CAQC,长安汽车,19970610
000626,RYJT,如意集团,19961128
000627,TMJT,天茂集团,19961112
000628,GXFZ,高新发展,19961118
000629,PGFT,攀钢钒钛,19961115
000630,TLYS,铜陵有色,19961120
000631,SFHY,顺发恒业,19961122
000632,SMJT,三木集团,19961121
000633,HJTZ,合金投资,19961112
000635,YLT,英 力 特,19961120
000636,FHGK,风华高科,19961129
000637,MHSH,茂化实华,19961114
000638,WFFZ,万方发展,19961126
000639,XWSP,西王食品,19961126
000650,RHYY,仁和药业,19961210
000651,GLDQ,格力电器,19961118
000652,TDGF,泰达股份,19961128
000655,JLKY,金岭矿业,19961128
000656,JKGF,金科股份,19961128
000657,ZWGX,中钨高新,19961205
000659,*STZF,*ST中富,19961203
000661,CCGX,长春高新,19961218
000662,SFT,索芙特,19961216
000663,YALY,永安林业,19961206
000665,HBGD,湖北广电,19961210
000666,JWFJ,经纬纺机,19961210
000667,MHJT,美好集团,19961205
000668,RFKG,荣丰控股,19961210
000669,JHNY,金鸿能源,19961210
000670,YFW,盈方微,19961217
000671,YGC,阳光城,19961218
000672,SFSN,上峰水泥,19961218
000673,DDDF,当代东方,19970124
000676,ZDTZ,智度投资,19961224
000677,*STHL,*ST海龙,19961226
000678,XYZC,襄阳轴承,19970106
000679,DLYY,大连友谊,19970124
000680,STGF,山推股份,19970122
000681,SJZG,视觉中国,19970121
000682,DFDZ,东方电子,19970121
000683,YXNY,远兴能源,19970131
000685,ZSGY,中山公用,19970123
000686,DBZQ,东北证券,19970227
000687,HTTE,恒天天鹅,19970221
000688,JXKY,建新矿业,19970120
000690,BXNY,宝新能源,19970128
000691,YTSY,亚太实业,19970228
000692,HTRD,惠天热电,19970227
000693,HZGN,华泽钴镍,19970226
000695,BHNY,滨海能源,19970218
000697,LSYS,炼石有色,19970325
000698,SYHG,沈阳化工,19970220
000700,MSKJ,模塑科技,19970228
000701,XMXD,厦门信达,19970226
000702,ZHKJ,正虹科技,19970318
000703,HYSH,恒逸石化,19970328
000705,ZJZY,浙江震元,19970410
000707,SHKJ,双环科技,19970415
000708,DYTG,大冶特钢,19970326
000709,HBGT,河北钢铁,19970416
000710,TXYB,天兴仪表,19970422
000711,*STJL,*ST京蓝,19970411
000712,JLGF,锦龙股份,19970415
000713,FLZY,丰乐种业,19970422
000715,ZXSY,中兴商业,19970508
000716,HZM,黑芝麻,19970418
000717,SGSS,韶钢松山,19970508
000718,SNHQ,苏宁环球,19970408
000719,DDCM,大地传媒,19970331
000720,XNTS,新能泰山,19970509
000721,XAYS,西安饮食,19970430
000722,HNFZ,湖南发展,19970522
000723,MJNY,美锦能源,19970515
000725,JDFA,京东方Ａ,20010112
000726,LTA,鲁 泰Ａ,20001225
000727,HDKJ,华东科技,19970520
000728,GYZQ,国元证券,19970616
000729,YJPJ,燕京啤酒,19970716
000731,SCMF,四川美丰,19970617
000732,THJT,泰禾集团,19970704
000733,ZHKJ,振华科技,19970703
000735,LNS,罗 牛 山,19970611
000736,ZFDC,中房地产,19970425
000737,NFHG,南风化工,19970428
000738,ZHDK,中航动控,19970626
000739,PLYY,普洛药业,19970509
000748,CCXX,长城信息,19970704
000750,GHZQ,国海证券,19970709
000751,XYGF,锌业股份,19970626
000752,XZFZ,西藏发展,19970625
000753,ZZFZ,漳州发展,19970626
000755,SXSW,山西三维,19970627
000756,XHZY,新华制药,19970806
000757,HWGF,浩物股份,19970627
000758,ZSGF,中色股份,19970416
000759,ZBJT,中百集团,19970519
000760,STE,斯太尔,19970627
000761,BGBC,本钢板材,19980115
000762,XZKY,西藏矿业,19970708
000766,THJM,通化金马,19970430
000767,ZZDL,漳泽电力,19970609
000768,ZHFJ,中航飞机,19970626
000776,GFZQ,广发证券,19970611
000777,ZHKJ,中核科技,19970710
000778,XXZG,新兴铸管,19970606
000779,SMPS,三毛派神,19970528
000780,PZNY,平庄能源,19970606
000782,MDGF,美达股份,19970619
000783,CJZQ,长江证券,19970731
000785,WHZS,武汉中商,19970711
000786,BXJC,北新建材,19970606
000788,BDYY,北大医药,19970616
000789,WNQ,万年青,19970923
000790,HSJT,华神集团,19980327
000791,GSDT,甘肃电投,19971014
000792,YHGF,盐湖股份,19970904
000793,HWCM,华闻传媒,19970729
000795,TYGY,太原刚玉,19970808
000796,YSGF,易食股份,19970703
000797,ZGWY,中国武夷,19970715
000798,ZSYY,中水渔业,19980212
000799,*STJG,*ST酒鬼,19970718
000800,YQJC,一汽轿车,19970618
000801,SCJZ,四川九洲,19980506
000802,BJWH,北京文化,19980108
000803,JYCC,金宇车城,19980303
000806,YHTZ,银河投资,19980416
000807,YLGF,云铝股份,19980408
000809,TLXC,铁岭新城,19980616
000810,CWSZ,创维数字,19980602
000811,YTBL,烟台冰轮,19980528
000812,SXJY,陕西金叶,19980623
000813,TSFZ,天山纺织,19980519
000815,*STML,*ST美利,19980609
000816,ZHNY,智慧农业,19970818
000818,FDHG,方大化工,19971017
000819,YYXC,岳阳兴长,19970625
000820,JCGF,金城股份,19980630
000821,JSQJ,京山轻机,19980626
000822,SDHH,山东海化,19980703
000823,CSDZ,超声电子,19971008
000825,TGBX,太钢不锈,19981021
000826,SDHJ,桑德环境,19980225
000828,DGKG,东莞控股,19970617
000829,TYKG,天音控股,19971202
000830,LXHG,鲁西化工,19980807
000831,WKXT,五矿稀土,19980911
000833,GTGF,贵糖股份,19981111
000835,CCDM,长城动漫,19990625
000836,XMKJ,鑫茂科技,19970929
000837,QCJC,秦川机床,19980928
000838,GXDC,国兴地产,19970626
000839,ZXGA,中信国安,19971031
000848,CDLL,承德露露,19971113
000850,HMGF,华茂股份,19981007
000851,GHGF,高鸿股份,19980609
000852,SHJX,石化机械,19981126
000856,JDZB,冀东装备,19980813
000858,WLY,五 粮 液,19980427
000859,GFSY,国风塑业,19981119
000860,SNY,顺鑫农业,19981104
000861,HYGF,海印股份,19981028
000862,YXNY,银星能源,19980915
000863,SXGF,三湘股份,19970925
000868,AKKC,安凯客车,19970725
000869,ZYA,张 裕Ａ,20001026
000875,JDGF,吉电股份,20020926
000876,XXW,新 希 望,19980311
000877,TSGF,天山股份,19990107
000878,YNTY,云南铜业,19980602
000880,WCZJ,潍柴重机,19980402
000881,DLGJ,大连国际,19980902
000882,HLGF,华联股份,19980616
000883,HBNY,湖北能源,19980519
000885,TLSN,同力水泥,19990319
000886,HNGS,海南高速,19980123
000887,ZDGF,中鼎股份,19981203
000888,EMSA,峨眉山Ａ,19971021
000889,MYWL,茂业物流,19971218
000890,FES,法 尔 胜,19990119
000892,*STXM,*ST星美,19990115
000893,DLLY,东凌粮油,19981224
000895,SHFZ,双汇发展,19981210
000897,JBFZ,津滨发展,19990422
000898,AGGF,鞍钢股份,19971225
000899,GNGF,赣能股份,19971126
000900,XDTZ,现代投资,19990128
000901,HTKJ,航天科技,19990401
000902,XYF,新洋丰,19990408
000903,YNDL,云内动力,19990415
000905,XMGW,厦门港务,19990429
000906,WCZT,物产中拓,19990707
000908,JFYY,景峰医药,19990203
000909,SYKJ,数源科技,19990507
000910,DYKJ,大亚科技,19990630
000911,NNTY,南宁糖业,19990527
000912,*STTH,*ST天化,19990603
000913,QJMT,钱江摩托,19990514
000915,SDHT,山大华特,19990609
000916,HBGS,华北高速,19990927
000917,DGCM,电广传媒,19990325
000918,JKC,嘉凯城,19990720
000919,JLYY,金陵药业,19991118
000920,NFHT,南方汇通,19990616
000921,HXKL,海信科龙,19990713
000922,JDGF,佳电股份,19990618
000923,HBXG,河北宣工,19990714
000925,ZHKJ,众合科技,19990611
000926,FXGF,福星股份,19990618
000927,*STXL,*ST夏利,19990727
000928,ZGGJ,中钢国际,19990312
000929,LZHH,兰州黄河,19990623
000930,ZLSH,中粮生化,19990712
000931,ZGC,中 关 村,19990712
000932,HLGT,华菱钢铁,19990803
000933,SHGF,神火股份,19990831
000935,SCSM,四川双马,19990824
000936,HXGF,华西股份,19990810
000937,JZNY,冀中能源,19990909
000938,ZGGF,紫光股份,19991104
000939,KDDL,凯迪电力,19990923
000948,NTXX,南天信息,19991014
000949,XXHX,新乡化纤,19991021
000950,JFHG,建峰化工,19990916
000951,ZGZQ,中国重汽,19991125
000952,GJYY,广济药业,19991112
000953,HCHG,河池化工,19991202
000955,XLKG,欣龙控股,19991209
000957,ZTKC,中通客车,20000113
000958,DFNY,东方能源,19991223
000959,SGGF,首钢股份,19991216
000960,XYGF,锡业股份,20000221
000961,ZNJS,中南建设,20000301
000962,DFTY,东方钽业,20000120
000963,HDYY,华东医药,20000127
000965,TBJJ,天保基建,20000406
000966,CYDL,长源电力,20000316
000967,SFGK,上风高科,20000330
000968,MQH,煤 气 化,20000622
000969,ATKJ,安泰科技,20000529
000970,ZKSH,中科三环,20000420
000971,LDKG,蓝鼎控股,20000427
000972,XZJ,新中基,20000926
000973,FSKJ,佛塑科技,20000525
000975,YTZY,银泰资源,20000608
000976,*STCH,*ST春晖,20000601
000977,LCXX,浪潮信息,20000608
000978,GLLY,桂林旅游,20000518
000979,ZHGF,中弘股份,20000616
000980,JMGF,金马股份,20000616
000981,YYGF,银亿股份,20000622
000982,ZYRY,中银绒业,20000706
000983,XSMD,西山煤电,20000726
000985,DQHK,大庆华科,20000726
000987,GZYY,广州友谊,20000718
000988,HGKJ,华工科技,20000608
000989,JZT,九 芝 堂,20000628
000990,CZGF,诚志股份,20000706
000993,MDDL,闽东电力,20000731
000995,*STHT,*ST皇台,20000807
000996,ZGZQ,中国中期,20000718
000997,XDL,新 大 陆,20000807
000998,LPGK,隆平高科,20001211
000999,HRSJ,华润三九,20000309
001696,ZSDL,宗申动力,19970306
001896,YNKG,豫能控股,19980122
002001,XHC,新 和 成,20040625
002002,HDXY,鸿达兴业,20040625
002003,WXGF,伟星股份,20040625
002004,HBYT,华邦颖泰,20040625
002005,DHRD,德豪润达,20040625
002006,JGKJ,精功科技,20040625
002007,HLSW,华兰生物,20040625
002008,DZJG,大族激光,20040625
002009,TQGF,天奇股份,20040629
002010,CHGF,传化股份,20040629
002011,DAHJ,盾安环境,20040705
002012,KEGF,凯恩股份,20040705
002013,ZHJD,中航机电,20040705
002014,YXGF,永新股份,20040708
002015,*STXK,*ST霞客,20040708
002016,SRZY,世荣兆业,20040708
002017,DXHP,东信和平,20040713
002018,HXGJ,华信国际,20040713
002019,YFXF,亿帆鑫富,20040713
002020,JXYY,京新药业,20040715
002021,ZJZY,中捷资源,20040715
002022,KHSW,科华生物,20040721
002023,HTGX,海特高新,20040721
002024,SNYS,苏宁云商,20040721
002025,HTDQ,航天电器,20040726
002026,SDWD,山东威达,20040727
002027,QXKG,七喜控股,20040804
002028,SYDQ,思源电气,20040805
002029,QPL,七 匹 狼,20040806
002030,DAJY,达安基因,20040809
002031,JLGF,巨轮股份,20040816
002032,SBE,苏 泊 尔,20040817
002033,LJLY,丽江旅游,20040825
002034,MXD,美 欣 达,20040826
002035,HDGF,华帝股份,20040901
002036,HMCY,汉麻产业,20040903
002037,JLFZ,久联发展,20040908
002038,SLYY,双鹭药业,20040909
002039,QYDL,黔源电力,20050303
002040,NJG,南 京 港,20050325
002041,DHZY,登海种业,20050418
002042,HFSF,华孚色纺,20050427
002043,TBB,兔 宝 宝,20050510
002044,JSSY,江苏三友,20050518
002045,GGDQ,国光电器,20050523
002046,ZYKJ,轴研科技,20050526
002047,BYGF,宝鹰股份,20050531
002048,NBHX,宁波华翔,20050603
002049,TFGX,同方国芯,20050606
002050,SHGF,三花股份,20050607
002051,ZGGJ,中工国际,20060619
002052,TZDZ,同洲电子,20060627
002053,YNYH,云南盐化,20060627
002054,DMHG,德美化工,20060725
002055,DRDZ,得润电子,20060725
002056,HDDC,横店东磁,20060802
002057,ZGTY,中钢天源,20060802
002058,WET,威 尔 泰,20060802
002059,YNLY,云南旅游,20060810
002060,YSD,粤 水 电,20060810
002061,JSHG,江山化工,20060816
002062,HRJS,宏润建设,20060816
002063,YGRJ,远光软件,20060823
002064,HFAL,华峰氨纶,20060823
002065,DHRJ,东华软件,20060823
002066,RTKJ,瑞泰科技,20060823
002067,JXZY,景兴纸业,20060915
002068,HMGF,黑猫股份,20060915
002069,ZZD,獐 子 岛,20060928
002070,ZHGF,众和股份,20061012
002071,CCYS,长城影视,20061012
002072,KRD,凯瑞德,20061018
002073,RKGF,软控股份,20061018
002074,DYDQ,东源电器,20061018
002075,SGGF,沙钢股份,20061025
002076,XLT,雪 莱 特,20061025
002077,DGGF,大港股份,20061116
002078,TYZY,太阳纸业,20061116
002079,SZGD,苏州固锝,20061116
002080,ZCKJ,中材科技,20061120
002081,JTL,金 螳 螂,20061120
002082,DLXC,栋梁新材,20061120
002083,FRGF,孚日股份,20061124
002084,HOWY,海鸥卫浴,20061124
002085,WFAW,万丰奥威,20061128
002086,DFHY,东方海洋,20061128
002087,XYFZ,新野纺织,20061130
002088,LYGF,鲁阳股份,20061130
002089,XHY,新 海 宜,20061130
002090,JZKJ,金智科技,20061208
002091,JSGT,江苏国泰,20061208
002092,ZTHX,中泰化学,20061208
002093,GMKJ,国脉科技,20061215
002094,QDJW,青岛金王,20061215
002095,SYB,生 意 宝,20061215
002096,NLMB,南岭民爆,20061222
002097,SHZN,山河智能,20061222
002098,XXGF,浔兴股份,20061222
002099,HXYY,海翔药业,20061226
002100,TKSW,天康生物,20061226
002101,GDHT,广东鸿图,20061229
002102,GFGF,冠福股份,20061229
002103,GBGF,广博股份,20070110
002104,HBGF,恒宝股份,20070110
002105,XLSY,信隆实业,20070112
002106,LBGK,莱宝高科,20070112
002107,WHYY,沃华医药,20070124
002108,CZMZ,沧州明珠,20070124
002109,XHGF,兴化股份,20070126
002110,SGMG,三钢闽光,20070126
002111,WHGT,威海广泰,20070126
002112,SBKJ,三变科技,20070208
002113,TRKG,天润控股,20070208
002114,LPXD,罗平锌电,20070215
002115,SWTX,三维通信,20070215
002116,ZGHC,中国海诚,20070215
002117,DGGF,东港股份,20070302
002118,ZXYY,紫鑫药业,20070302
002119,KQDZ,康强电子,20070302
002120,XHGF,新海股份,20070306
002121,KLDZ,科陆电子,20070306
002122,TMGF,天马股份,20070328
002123,RXGF,荣信股份,20070328
002124,TBGF,天邦股份,20070403
002125,XTDH,湘潭电化,20070403
002126,YLGF,银轮股份,20070418
002127,XMKJ,新民科技,20070418
002128,LTMY,露天煤业,20070418
002129,ZHGF,中环股份,20070420
002130,WEHC,沃尔核材,20070420
002131,LOGF,利欧股份,20070427
002132,HXKJ,恒星科技,20070427
002133,GYJT,广宇集团,20070427
002134,TJPL,天津普林,20070516
002135,DNWJ,东南网架,20070530
002136,AND,安 纳 达,20070530
002137,SYD,实 益 达,20070613
002138,SLDZ,顺络电子,20070613
002139,TBGF,拓邦股份,20070629
002140,DHKJ,东华科技,20070712
002141,RSCW,蓉胜超微,20070720
002142,NBYH,宁波银行,20070719
002143,YJCM,印纪传媒,20070720
002144,HDGK,宏达高科,20070803
002145,ZHTB,中核钛白,20070803
002146,RSFZ,荣盛发展,20070808
002147,FYZC,方圆支承,20070808
002148,BWTX,北纬通信,20070810
002149,XBCL,西部材料,20070810
002150,TRZB,通润装备,20070810
002151,BDXT,北斗星通,20070813
002152,GDYT,广电运通,20070813
002153,SJXX,石基信息,20070813
002154,BXN,报 喜 鸟,20070816
002155,HNHJ,湖南黄金,20070816
002156,TFWD,通富微电,20070816
002157,ZBKJ,正邦科技,20070817
002158,HZJJ,汉钟精机,20070817
002159,STSD,三特索道,20070817
002160,CLGF,常铝股份,20070821
002161,YWG,远 望 谷,20070821
002162,SMK,斯米克,20070823
002163,ZHSX,中航三鑫,20070823
002164,NBDL,宁波东力,20070823
002165,HBL,红 宝 丽,20070913
002166,LYSW,莱茵生物,20070913
002167,DFGY,东方锆业,20070913
002168,SZHC,深圳惠程,20070919
002169,ZGDQ,智光电气,20070919
002170,BTGF,芭田股份,20070919
002171,CJXC,楚江新材,20070921
002172,AYKJ,澳洋科技,20070921
002173,QZZZ,千足珍珠,20070925
002174,YZWL,游族网络,20070925
002175,DFWL,东方网络,20071012
002176,JTDJ,江特电机,20071012
002177,YYGF,御银股份,20071101
002178,YHZN,延华智能,20071101
002179,ZHGD,中航光电,20071101
002180,APK,艾派克,20071113
002181,YCM,粤 传 媒,20071116
002182,YHJS,云海金属,20071113
002183,YYT,怡 亚 通,20071113
002184,HDKZ,海得控制,20071116
002185,HTKJ,华天科技,20071120
002186,QJD,全 聚 德,20071120
002187,GBGF,广百股份,20071122
002188,XJL,新 嘉 联,20071122
002189,LDGD,利达光电,20071203
002190,CFJC,成飞集成,20071203
002191,JJGF,劲嘉股份,20071205
002192,*STLX,*ST路翔,20071205
002193,SDRY,山东如意,20071207
002194,WHFG,武汉凡谷,20071207
002195,ESSW,二三四五,20071212
002196,FZDJ,方正电机,20071212
002197,ZTDZ,证通电子,20071218
002198,JYZY,嘉应制药,20071218
002199,DJDZ,东晶电子,20071221
002200,YTST,云投生态,20071221
002201,JDXC,九鼎新材,20071226
002202,JFKJ,金风科技,20071226
002203,HLGF,海亮股份,20080116
002204,DLZG,大连重工,20080116
002205,GTGF,国统股份,20080123
002206,HLD,海 利 得,20080123
002207,ZYGF,准油股份,20080128
002208,HFCJ,合肥城建,20080128
002209,DYL,达 意 隆,20080130
002210,FMGJ,飞马国际,20080130
002211,HDXC,宏达新材,20080201
002212,NYGF,南洋股份,20080201
002213,TEJ,特 尔 佳,20080201
002214,DLKJ,大立科技,20080218
002215,NPX,诺 普 信,20080218
002216,SQSP,三全食品,20080220
002217,HLT,合力泰,20080220
002218,TRXN,拓日新能,20080228
002219,HKYL,恒康医疗,20080306
002220,TBGF,天宝股份,20080228
002221,DHNY,东华能源,20080306
002222,FJKJ,福晶科技,20080319
002223,YYYL,鱼跃医疗,20080418
002224,SLS,三 力 士,20080425
002225,PNGF,濮耐股份,20080425
002226,JNHG,江南化工,20080506
002227,ATX,奥 特 迅,20080506
002228,HXBZ,合兴包装,20080508
002229,HBGF,鸿博股份,20080508
002230,KDXF,科大讯飞,20080512
002231,AWTX,奥维通信,20080512
002232,QMXX,启明信息,20080509
002233,TPJT,塔牌集团,20080516
002234,MHGF,民和股份,20080516
002235,ANGF,安妮股份,20080516
002236,DHGF,大华股份,20080520
002237,HBGF,恒邦股份,20080520
002238,TWSX,天威视讯,20080526
002239,JFD,金 飞 达,20080522
002240,WHGF,威华股份,20080523
002241,GESX,歌尔声学,20080522
002242,JYGF,九阳股份,20080528
002243,TCLX,通产丽星,20080528
002244,BJJT,滨江集团,20080529
002245,AYSC,澳洋顺昌,20080605
002246,BHGF,北化股份,20080605
002247,DLXC,帝龙新材,20080612
002248,HDSK,华东数控,20080612
002249,DYDJ,大洋电机,20080619
002250,LHKJ,联化科技,20080619
002251,BBG,步 步 高,20080619
002252,SHLS,上海莱士,20080623
002253,CDZS,川大智胜,20080623
002254,THXC,泰和新材,20080625
002255,HLZG,海陆重工,20080625
002256,CHJH,彩虹精化,20080625
002258,LEHX,利尔化学,20080708
002259,SDLY,升达林业,20080716
002260,DATH,德奥通航,20080716
002261,TWXX,拓维信息,20080723
002262,EHYY,恩华药业,20080723
002263,DDN,大 东 南,20080728
002264,XHD,新 华 都,20080731
002265,XYGF,西仪股份,20080806
002266,ZFKG,浙富控股,20080806
002267,STRQ,陕天然气,20080813
002268,WST,卫 士 通,20080811
002269,MBFS,美邦服饰,20080828
002270,FYSK,法因数控,20080905
002271,DFYH,东方雨虹,20080910
002272,CRGF,川润股份,20080919
002273,SJGD,水晶光电,20080919
002274,HCHG,华昌化工,20080925
002275,GLSJ,桂林三金,20090710
002276,WMGF,万马股份,20090710
002277,YAGF,友阿股份,20090717
002278,SKGF,神开股份,20090811
002279,JQRJ,久其软件,20090811
002280,LLHD,联络互动,20090821
002281,GXKJ,光迅科技,20090821
002282,BSGJ,博深工具,20090821
002283,TRQZ,天润曲轴,20090821
002284,YTGF,亚太股份,20090828
002285,SLH,世联行,20090828
002286,BLB,保龄宝,20090828
002287,QZZY,奇正藏药,20090828
002288,CHKJ,超华科技,20090903
002289,YSDZ,宇顺电子,20090903
002290,HSXC,禾盛新材,20090903
002291,XQL,星期六,20090903
002292,AFDM,奥飞动漫,20090910
002293,LLJF,罗莱家纺,20090910
002294,XLT,信立泰,20090910
002295,JYGF,精艺股份,20090929
002296,HHKJ,辉煌科技,20090929
002297,BYXC,博云新材,20090929
002298,XLDQ,鑫龙电器,20090929
002299,SNFZ,圣农发展,20091021
002300,TYDL,太阳电缆,20091021
002301,QXJT,齐心集团,20091021
002302,XBJS,西部建设,20091103
002303,MYS,美盈森,20091103
002304,YHGF,洋河股份,20091106
002305,NGZY,南国置业,20091106
002306,*STYW,*ST云网,20091111
002307,BXLQ,北新路桥,20091111
002308,WCGF,威创股份,20091127
002309,ZLKJ,中利科技,20091127
002310,DFYL,东方园林,20091127
002311,HDJT,海大集团,20091127
002312,STKG,三泰控股,20091203
002313,RHTX,日海通讯,20091203
002314,YZGF,雅致股份,20091203
002315,JDKJ,焦点科技,20091209
002316,JQTX,键桥通讯,20091209
002317,ZSYY,众生药业,20091211
002318,JLTC,久立特材,20091211
002319,LTGF,乐通股份,20091211
002320,HXGF,海峡股份,20091216
002321,HYNY,华英农业,20091216
002322,LGJC,理工监测,20091218
002323,ZLDQ,中联电气,20091218
002324,PLT,普利特,20091218
002325,HTGF,洪涛股份,20091222
002326,YTKJ,永太科技,20091222
002327,FAN,富安娜,20091230
002328,XPGF,新朋股份,20091230
002329,HSJT,皇氏集团,20100106
002330,DLS,得利斯,20100106
002331,WTKJ,皖通科技,20100106
002332,XJZY,仙琚制药,20100112
002333,LPSJ,罗普斯金,20100112
002334,YWT,英威腾,20100113
002335,KHHS,科华恒盛,20100113
002336,RRL,人人乐,20100113
002337,SXKJ,赛象科技,20100115
002338,APGD,奥普光电,20100115
002339,JCDZ,积成电子,20100122
002340,GLM,格林美,20100122
002341,XLKJ,新纶科技,20100122
002342,JLSJ,巨力索具,20100126
002343,HXGF,禾欣股份,20100126
002344,HNPC,海宁皮城,20100126
002345,CHJ,潮宏基,20100128
002346,ZZGF,柘中股份,20100128
002347,TEZG,泰尔重工,20100128
002348,GLGF,高乐股份,20100203
002349,JHZY,精华制药,20100203
002350,BJKR,北京科锐,20100203
002351,MBZ,漫步者,20100205
002352,DTXC,鼎泰新材,20100205
002353,JRGF,杰瑞股份,20100205
002354,TSYL,天神娱乐,20100209
002355,XMGQ,兴民钢圈,20100209
002356,HND,浩宁达,20100209
002357,FLYY,富临运业,20100210
002358,SYDQ,森源电气,20100210
002359,QXTT,齐星铁塔,20100210
002360,TDHG,同德化工,20100303
002361,SJGF,神剑股份,20100303
002362,HWKJ,汉王科技,20100303
002363,LJJX,隆基机械,20100305
002364,ZHDQ,中恒电气,20100305
002365,YAYY,永安药业,20100305
002366,DFGF,丹甫股份,20100312
002367,KLDT,康力电梯,20100312
002368,TJGF,太极股份,20100312
002369,ZYKJ,卓翼科技,20100316
002370,YTYY,亚太药业,20100316
002371,QXDZ,七星电子,20100316
002372,WXXC,伟星新材,20100318
002373,QFKJ,千方科技,20100318
002374,LPGF,丽鹏股份,20100318
002375,YXGF,亚厦股份,20100323
002376,XBY,新北洋,20100323
002377,GCGX,国创高新,20100323
002378,ZYWY,章源钨业,20100331
002379,LFHB,鲁丰环保,20100331
002380,KYGF,科远股份,20100331
002381,SJGF,双箭股份,20100402
002382,LFYL,蓝帆医疗,20100402
002383,HZSZ,合众思壮,20100402
002384,DSJM,东山精密,20100409
002385,DBN,大北农,20100409
002386,TYJT,天原集团,20100409
002387,HNSP,黑牛食品,20100413
002388,XYZC,新亚制程,20100413
002389,NYKJ,南洋科技,20100413
002390,XBZY,信邦制药,20100416
002391,CQGF,长青股份,20100416
002392,BJLE,北京利尔,20100423
002393,LSZY,力生制药,20100423
002394,LFGF,联发股份,20100423
002395,SXGF,双象股份,20100429
002396,XWRJ,星网锐捷,20100623
002397,MJJF,梦洁家纺,20100429
002398,JYJT,建研集团,20100506
002399,HPR,海普瑞,20100506
002400,SGGF,省广股份,20100506
002401,ZHKJ,中海科技,20100506
002402,HET,和而泰,20100511
002403,ASD,爱仕达,20100511
002404,JXSC,嘉欣丝绸,20100511
002405,SWTX,四维图新,20100518
002406,YDCD,远东传动,20100518
002407,DFD,多氟多,20100518
002408,QXTD,齐翔腾达,20100518
002409,YKKJ,雅克科技,20100525
002410,GLD,广联达,20100525
002411,JJJ,九九久,20100525
002412,HSZY,汉森制药,20100525
002413,CFGF,常发股份,20100528
002414,GDHW,高德红外,20100716
002415,HKWS,海康威视,20100528
002416,ASD,爱施德,20100528
002417,*STYD,*ST元达,20100601
002418,KSGF,康盛股份,20100601
002419,THSC,天虹商场,20100601
002420,YCGF,毅昌股份,20100601
002421,DSZN,达实智能,20100603
002422,KLYY,科伦药业,20100603
002423,ZYTG,中原特钢,20100603
002424,GZBL,贵州百灵,20100603
002425,KSGF,凯撒股份,20100608
002426,SLJM,胜利精密,20100608
002427,YFGF,尤夫股份,20100608
002428,YNZY,云南锗业,20100608
002429,ZCGF,兆驰股份,20100610
002430,HYGF,杭氧股份,20100610
002431,ZLYL,棕榈园林,20100610
002432,JAYL,九安医疗,20100610
002433,TAT,太安堂,20100618
002434,WLY,万里扬,20100618
002435,CJRF,长江润发,20100618
002436,XSKJ,兴森科技,20100618
002437,YHYY,誉衡药业,20100623
002438,JSST,江苏神通,20100623
002439,QMXC,启明星辰,20100623
002440,RTGF,闰土股份,20100706
002441,ZYD,众业达,20100706
002442,LXHG,龙星化工,20100706
002443,JZGD,金洲管道,20100706
002444,JXKJ,巨星科技,20100713
002445,ZNZG,中南重工,20100713
002446,SLTX,盛路通信,20100713
002447,YQHC,壹桥海参,20100713
002448,ZYNP,中原内配,20100716
002449,GXGD,国星光电,20100716
002450,KDX,康得新,20100716
002451,MEDQ,摩恩电气,20100720
002452,CGJT,长高集团,20100720
002453,TMJH,天马精化,20100720
002454,SZGF,松芝股份,20100720
002455,BCGF,百川股份,20100803
002456,OFG,欧菲光,20100803
002457,QLGY,青龙管业,20100803
002458,YSGF,益生股份,20100810
002459,TYTL,天业通联,20100810
002460,GFLY,赣锋锂业,20100810
002461,ZJPJ,珠江啤酒,20100818
002462,JST,嘉事堂,20100818
002463,HDGF,沪电股份,20100818
002464,JLKJ,金利科技,20100831
002465,HGTX,海格通信,20100831
002466,TQLY,天齐锂业,20100831
002467,ELS,二六三,20100908
002468,ADX,艾迪西,20100908
002469,SWGC,三维工程,20100908
002470,JZD,金正大,20100908
002471,ZCDL,中超电缆,20100910
002472,SHCD,双环传动,20100910
002473,SLD,圣莱达,20100910
002474,RJRJ,榕基软件,20100915
002475,LXJM,立讯精密,20100915
002476,BMGF,宝莫股份,20100915
002477,CYNM,雏鹰农牧,20100915
002478,CBGF,常宝股份,20100921
002479,FCHB,富春环保,20100921
002480,XZGF,新筑股份,20100921
002481,STSP,双塔食品,20100921
002482,GTGF,广田股份,20100929
002483,RBGF,润邦股份,20100929
002484,JHGF,江海股份,20100929
002485,XNE,希努尔,20101015
002486,JLJ,嘉麟杰,20101015
002487,DJZG,大金重工,20101015
002488,JGGF,金固股份,20101021
002489,ZJYQ,浙江永强,20101021
002490,SDML,山东墨龙,20101021
002491,TDHL,通鼎互联,20101021
002492,HJDX,恒基达鑫,20101102
002493,RSSH,荣盛石化,20101102
002494,HSGF,华斯股份,20101102
002495,JLGF,佳隆股份,20101102
002496,HFGF,辉丰股份,20101109
002497,YHJT,雅化集团,20101109
002498,HLGF,汉缆股份,20101109
002499,KLHB,科林环保,20101109
002500,SXZQ,山西证券,20101115
002501,LYJZ,利源精制,20101117
002502,HWGF,骅威股份,20101117
002503,SYT,搜于特,20101117
002504,HGCY,弘高创意,20101118
002505,DKMY,大康牧业,20101118
002506,XXJC,协鑫集成,20101118
002507,FLZC,涪陵榨菜,20101123
002508,LBDQ,老板电器,20101123
002509,TGXF,天广消防,20101123
002510,TQM,天汽模,20101125
002511,ZSJR,中顺洁柔,20101125
002512,DHZN,达华智能,20101203
002513,LFSH,蓝丰生化,20101203
002514,BXKJ,宝馨科技,20101203
002515,JZHT,金字火腿,20101203
002516,JSKD,江苏旷达,20101207
002517,TYGF,泰亚股份,20101207
002518,KSD,科士达,20101207
002519,YHDZ,银河电子,20101207
002520,RFJJ,日发精机,20101210
002521,QFXC,齐峰新材,20101210
002522,ZJZC,浙江众成,20101210
002523,TQQZ,天桥起重,20101210
002524,GZJT,光正集团,20101217
002526,SDKJ,山东矿机,20101217
002527,XSD,新时达,20101224
002528,YFT,英飞拓,20101224
002529,HYJX,海源机械,20101224
002530,FDGF,丰东股份,20101231
002531,TSFN,天顺风能,20101231
002532,XJBY,新界泵业,20101231
002533,JBDG,金杯电工,20101231
002534,HGGF,杭锅股份,20110110
002535,LZZJ,林州重机,20110111
002536,XBGF,西泵股份,20110111
002537,HLMD,海立美达,20110110
002538,SET,司尔特,20110118
002539,XDHG,新都化工,20110118
002540,YTKJ,亚太科技,20110118
002541,HLGG,鸿路钢构,20110118
002542,ZHYT,中化岩土,20110128
002543,WHDQ,万和电气,20110128
002544,JSKJ,杰赛科技,20110128
002545,DFTT,东方铁塔,20110211
002546,XLDZ,新联电子,20110211
002547,CXJG,春兴精工,20110218
002548,JXN,金新农,20110218
002549,KMTQ,凯美特气,20110218
002550,QHZY,千红制药,20110218
002551,SRYL,尚荣医疗,20110225
002552,BDZG,宝鼎重工,20110225
002553,NFZC,南方轴承,20110225
002554,HBP,惠博普,20110225
002555,SRSQ,顺荣三七,20110302
002556,HLGF,辉隆股份,20110302
002557,QQSP,洽洽食品,20110302
002558,SJYL,世纪游轮,20110302
002559,YWGF,亚威股份,20110303
002560,TDGF,通达股份,20110303
002561,XJH,徐家汇,20110303
002562,XDKJ,兄弟科技,20110310
002563,SMFS,森马服饰,20110311
002564,TWKJ,天沃科技,20110310
002565,SHLX,上海绿新,20110318
002566,YSYY,益盛药业,20110318
002567,TRS,唐人神,20110325
002568,BRGF,百润股份,20110325
002569,BSGF,步森股份,20110412
002570,BYM,贝因美,20110412
002571,DLGF,德力股份,20110412
002572,SFY,索菲亚,20110412
002573,QXHJ,清新环境,20110422
002574,MPZB,明牌珠宝,20110422
002575,QXWJ,群兴玩具,20110422
002576,TDDL,通达动力,20110428
002577,LBKJ,雷柏科技,20110428
002578,MFLY,闽发铝业,20110428
002579,ZJDZ,中京电子,20110506
002580,SYGF,圣阳股份,20110506
002581,WCKJ,万昌科技,20110520
002582,HXN,好想你,20110520
002583,HND,海能达,20110527
002584,XLHG,西陇化工,20110602
002585,SXXC,双星新材,20110602
002586,WHGF,围海股份,20110602
002587,ATDZ,奥拓电子,20110610
002588,SDL,史丹利,20110610
002589,RKYY,瑞康医药,20110610
002590,WAKJ,万安科技,20110610
002591,HDGX,恒大高新,20110621
002592,BLKJ,八菱科技,20111111
002593,RSJT,日上集团,20110628
002594,BYD,比亚迪,20110630
002595,HMKJ,豪迈科技,20110628
002596,HNRZ,海南瑞泽,20110707
002597,JHSY,金禾实业,20110707
002598,SDZG,山东章鼓,20110707
002599,STGF,盛通股份,20110715
002600,JFCC,江粉磁材,20110715
002601,BLL,佰利联,20110715
002602,SJHT,世纪华通,20110728
002603,YLYY,以岭药业,20110728
002604,LLSW,龙力生物,20110728
002605,YJPK,姚记扑克,20110805
002606,DLDC,大连电瓷,20110805
002607,YXQC,亚夏汽车,20110810
002608,*STSC,*ST舜船,20110810
002609,JSKJ,捷顺科技,20110815
002610,AKKJ,爱康科技,20110815
002611,DFJG,东方精工,20110830
002612,LZGF,朗姿股份,20110830
002613,BBGF,北玻股份,20110830
002614,MFL,蒙发利,20110909
002615,HES,哈尔斯,20110909
002616,CQJT,长青集团,20110920
002617,LXKJ,露笑科技,20110920
002618,DBKJ,丹邦科技,20110920
002619,JLGY,巨龙管业,20110929
002620,RHGF,瑞和股份,20110929
002621,DLSL,大连三垒,20110929
002622,YDJT,永大集团,20111018
002623,YMD,亚玛顿,20111013
002624,WMHQ,完美环球,20111028
002625,LSGF,龙生股份,20111103
002626,JDW,金达威,20111028
002627,YCJY,宜昌交运,20111103
002628,CDLQ,成都路桥,20111103
002629,RZYF,仁智油服,20111103
002630,HXNY,华西能源,20111111
002631,DEJJ,德尔家居,20111111
002632,DMGX,道明光学,20111122
002633,*STSK,*ST申科,20111122
002634,BJGF,棒杰股份,20111205
002635,AJKJ,安洁科技,20111125
002636,JAGJ,金安国纪,20111125
002637,ZYKJ,赞宇科技,20111125
002638,QSGD,勤上光电,20111125
002639,XRGF,雪人股份,20111205
002640,KJT,跨境通,20111208
002641,YGGF,永高股份,20111208
002642,RZL,荣之联,20111220
002643,WRGF,万润股份,20111220
002644,FCZY,佛慈制药,20111222
002645,HHKJ,华宏科技,20111220
002646,QQKJ,青青稞酒,20111222
002647,HLGF,宏磊股份,20111228
002648,WXSH,卫星石化,20111228
002649,BYKJ,博彦科技,20120106
002650,JJSP,加加食品,20120106
002651,LJGF,利君股份,20120106
002652,YZXC,扬子新材,20120119
002653,HSK,海思科,20120117
002654,WRKJ,万润科技,20120217
002655,GDDS,共达电声,20120217
002656,KNDL,卡奴迪路,20120228
002657,ZKJC,中科金财,20120228
002658,XDL,雪迪龙,20120309
002659,ZTQL,中泰桥梁,20120309
002660,MSDY,茂硕电源,20120316
002661,KMMY,克明面业,20120316
002662,JWGF,京威股份,20120309
002663,PBYL,普邦园林,20120316
002664,XZDJ,信质电机,20120316
002665,SHJN,首航节能,20120327
002666,DLJT,德联集团,20120327
002667,AZGF,鞍重股份,20120329
002668,AMDQ,奥马电器,20120416
002669,KDXC,康达新材,20120416
002670,HSGF,华声股份,20120416
002671,LQGF,龙泉股份,20120426
002672,DJHB,东江环保,20120426
002673,XBZQ,西部证券,20120503
002674,XYKJ,兴业科技,20120507
002675,DCYY,东诚药业,20120525
002676,SWGF,顺威股份,20120525
002677,ZJMD,浙江美大,20120525
002678,ZJGQ,珠江钢琴,20120530
002679,FJJS,福建金森,20120605
002680,HHJX,黄海机械,20120605
002681,FDKJ,奋达科技,20120605
002682,LZGF,龙洲股份,20120612
002683,HDBP,宏大爆破,20120612
002684,MSKJ,猛狮科技,20120612
002685,HDZJ,华东重机,20120612
002686,YLD,亿利达,20120703
002687,QZB,乔治白,20120713
002688,JHSW,金河生物,20120713
002689,BLT,博林特,20120717
002690,MYGD,美亚光电,20120731
002691,JKGF,冀凯股份,20120731
002692,YCDL,远程电缆,20120808
002693,SCYY,双成药业,20120808
002694,GDKJ,顾地科技,20120816
002695,HSH,煌上煌,20120905
002696,BYGF,百洋股份,20120905
002697,HQLS,红旗连锁,20120905
002698,BSGF,博实股份,20120911
002699,MSWH,美盛文化,20120911
002700,XJHY,新疆浩源,20120921
002701,ARJ,奥瑞金,20121011
002702,HXSP,海欣食品,20121011
002703,ZJSB,浙江世宝,20121102
002705,XBGF,新宝股份,20140121
002706,LXDQ,良信电器,20140121
002707,ZXLY,众信旅游,20140123
002708,GYGF,光洋股份,20140121
002709,TCCL,天赐材料,20140123
002711,OPGW,欧浦钢网,20140127
002712,SMCM,思美传媒,20140123
002713,DYRS,东易日盛,20140219
002714,MYGF,牧原股份,20140128
002715,DYGF,登云股份,20140219
002716,JGYY,金贵银业,20140128
002717,LNYL,岭南园林,20140219
002718,YBDD,友邦吊顶,20140128
002719,MQE,麦趣尔,20140128
002721,JYWH,金一文化,20140127
002722,JLGF,金轮股份,20140128
002723,JLT,金莱特,20140129
002724,HYW,海洋王,20141104
002725,YLGF,跃岭股份,20140129
002726,LDRS,龙大肉食,20140626
002727,YXT,一心堂,20140702
002728,TCZY,台城制药,20140731
002729,HLL,好利来,20140912
002730,DGKJ,电光科技,20141009
002731,CHZB,萃华珠宝,20141104
002732,YTRY,燕塘乳业,20141205
002733,XTGF,雄韬股份,20141203
002734,LMGF,利民股份,20150127
002735,WZXC,王子新材,20141203
002736,GXZQ,国信证券,20141229
002737,KHYY,葵花药业,20141230
002738,ZKZY,中矿资源,20141230
002739,WDYX,万达院线,20150122
002740,ADE,爱迪尔,20150122
002741,GHKJ,光华科技,20150216
002742,SSTC,三圣特材,20150217
002743,FHGG,富煌钢构,20150217
002745,MLS,木林森,20150217
002746,XTGF,仙坛股份,20150216
002747,ASD,埃斯顿,20150320
002748,SLSY,世龙实业,20150319
002749,GGGF,国光股份,20150320
002750,LJYY,龙津药业,20150324
002751,YSZS,易尚展示,20150424
002752,SXGF,昇兴股份,20150422
002753,YDGF,永东股份,20150519
002755,DFXX,东方新星,20150515
002756,YXTG,永兴特钢,20150515
002757,NXZB,南兴装备,20150527
002758,HTYY,华通医药,20150527
002759,TJGF,天际股份,20150528
002760,FXGF,凤形股份,20150611
002761,DXA,多喜爱,20150610
002762,JFLB,金发拉比,20150610
002763,HJGF,汇洁股份,20150610
002765,LDCD,蓝黛传动,20150612
002766,SLGF,索菱股份,20150611
002767,XFDZ,先锋电子,20150612
002768,GEGF,国恩股份,20150630
002769,PLT,普路通,20150629
002770,KDRY,科迪乳业,20150630
002771,ZST,真视通,20150629
002772,ZXJY,众兴菌业,20150626
002773,KHYY,康弘药业,20150626
002775,WKYL,文科园林,20150629
002776,BBL,柏堡龙,20150626
300001,TRD,特锐德,20091030
300002,SZTY,神州泰岳,20091030
300003,LPYL,乐普医疗,20091030
300004,NFGF,南风股份,20091030
300005,TLZ,探路者,20091030
300006,LMYY,莱美药业,20091030
300007,HWDZ,汉威电子,20091030
300008,SHJH,上海佳豪,20091030
300009,AKSW,安科生物,20091030
300010,LSC,立思辰,20091030
300011,DHJS,鼎汉技术,20091030
300012,HCJC,华测检测,20091030
300013,XNWL,新宁物流,20091030
300014,YWLN,亿纬锂能,20091030
300015,AEYK,爱尔眼科,20091030
300016,BLYY,北陆药业,20091030
300017,WSKJ,网宿科技,20091030
300018,ZYHD,中元华电,20091030
300019,GBKJ,硅宝科技,20091030
300020,YJGF,银江股份,20091030
300021,DYJS,大禹节水,20091030
300022,JFNJ,吉峰农机,20091030
300023,BDGF,宝德股份,20091030
300024,JQR,机器人,20091030
300025,HXCY,华星创业,20091030
300026,HRYY,红日药业,20091030
300027,HYXD,华谊兄弟,20091030
300028,JYKJ,金亚科技,20091030
300029,TLGD,天龙光电,20091225
300030,YPYL,阳普医疗,20091225
300031,BTKJ,宝通科技,20091225
300032,JLJD,金龙机电,20091225
300033,THS,同花顺,20091225
300034,GYGN,钢研高纳,20091225
300035,ZKDQ,中科电气,20091225
300036,CTRJ,超图软件,20091225
300037,XZB,新宙邦,20100108
300038,MTN,梅泰诺,20100108
300039,SHKB,上海凯宝,20100108
300040,JZDQ,九洲电气,20100108
300041,HTXC,回天新材,20100108
300042,LKKJ,朗科科技,20100108
300043,HDYL,互动娱乐,20100120
300044,SWZN,赛为智能,20100120
300045,HLCT,华力创通,20100120
300046,TJGF,台基股份,20100120
300047,TYDK,天源迪科,20100120
300048,HKBP,合康变频,20100120
300049,FRGF,福瑞股份,20100120
300050,SJDL,世纪鼎利,20100120
300051,SWHL,三五互联,20100211
300052,ZQB,中青宝,20100211
300053,OBT,欧比特,20100211
300054,DLGF,鼎龙股份,20100211
300055,WBD,万邦达,20100226
300056,SWS,三维丝,20100226
300057,WSGF,万顺股份,20100226
300058,LSGB,蓝色光标,20100226
300059,DFCF,东方财富,20100319
300061,KNT,康耐特,20100319
300062,ZNDQ,中能电气,20100319
300063,TLJT,天龙集团,20100326
300064,YJGS,豫金刚石,20100326
300065,HLX,海兰信,20100326
300066,SCGF,三川股份,20100326
300067,ANQ,安诺其,20100421
300068,NDDY,南都电源,20100421
300069,JLHD,金利华电,20100421
300070,BSY,碧水源,20100421
300071,HYJX,华谊嘉信,20100421
300072,SJHB,三聚环保,20100427
300073,DSKJ,当升科技,20100427
300074,HPGF,华平股份,20100427
300075,SZZT,数字政通,20100427
300076,GQYSX,GQY视讯,20100430
300077,GMJS,国民技术,20100430
300078,ZRSC,中瑞思创,20100430
300079,SMSX,数码视讯,20100430
300080,XDXC,新大新材,20100625
300081,HXYD,恒信移动,20100520
300082,AKGF,奥克股份,20100520
300083,JSJM,劲胜精密,20100520
300084,HMKJ,海默科技,20100520
300085,YZJ,银之杰,20100526
300086,KZYY,康芝药业,20100526
300087,QYGK,荃银高科,20100526
300088,CXKJ,长信科技,20100526
300089,CCJT,长城集团,20100625
300090,SYHB,盛运环保,20100625
300091,JTL,金通灵,20100625
300092,KXJD,科新机电,20100708
300093,JGBL,金刚玻璃,20100708
300094,GLSC,国联水产,20100708
300095,HWGF,华伍股份,20100728
300096,YLZ,易联众,20100728
300097,ZYGF,智云股份,20100728
300098,GXX,高新兴,20100728
300099,YLK,尤洛卡,20100806
300100,SLGF,双林股份,20100806
300101,ZXKJ,振芯科技,20100806
300102,QZGD,乾照光电,20100812
300103,DGLJ,达刚路机,20100812
300104,LSW,乐视网,20100812
300105,LYJS,龙源技术,20100820
300106,XBMY,西部牧业,20100820
300107,JXGF,建新股份,20100820
300108,SLGF,双龙股份,20100825
300109,XKY,新开源,20100825
300110,HRYY,华仁药业,20100825
300111,XRK,向日葵,20100827
300112,WXZK,万讯自控,20100827
300113,SWKJ,顺网科技,20100827
300114,ZHDC,中航电测,20100827
300115,CYJM,长盈精密,20100902
300116,JRXF,坚瑞消防,20100902
300117,JYGF,嘉寓股份,20100902
300118,DFRS,东方日升,20100902
300119,RPSW,瑞普生物,20100917
300120,JWDC,经纬电材,20100917
300121,YGHT,阳谷华泰,20100917
300122,ZFSW,智飞生物,20100928
300123,TYN,太阳鸟,20100928
300124,HCJS,汇川技术,20100928
300125,YSD,易世达,20101013
300126,RQGF,锐奇股份,20101013
300127,YHCT,银河磁体,20101013
300128,JFXC,锦富新材,20101013
300129,TSFN,泰胜风能,20101019
300130,XGD,新国都,20101019
300131,YTZK,英唐智控,20101019
300132,QSGF,青松股份,20101026
300133,HCYS,华策影视,20101026
300134,DFKJ,大富科技,20101026
300135,BLGJ,宝利国际,20101026
300136,XWTX,信维通信,20101105
300137,XHHB,先河环保,20101105
300138,CGSW,晨光生物,20101105
300139,FXXC,福星晓程,20101112
300140,QYZB,启源装备,20101112
300141,HSDQ,和顺电气,20101112
300142,WSSW,沃森生物,20101112
300143,XHSW,星河生物,20101209
300144,SCYY,宋城演艺,20101209
300145,NFBY,南方泵业,20101209
300146,TCBJ,汤臣倍健,20101215
300147,XXZY,香雪制药,20101215
300148,TZWH,天舟文化,20101215
300149,LZGK,量子高科,20101222
300150,SJRE,世纪瑞尔,20101222
300151,CHKJ,昌红科技,20101222
300152,RKKJ,燃控科技,20101229
300153,KTDY,科泰电源,20101229
300154,RLGF,瑞凌股份,20101229
300155,AJB,安居宝,20110107
300156,SWHB,神雾环保,20110107
300157,HTAP,恒泰艾普,20110107
300158,ZDZY,振东制药,20110107
300159,XYGF,新研股份,20110107
300160,XQGF,秀强股份,20110113
300161,HZSK,华中数控,20110113
300162,LMGD,雷曼光电,20110113
300163,XFXC,先锋新材,20110113
300164,TYSY,通源石油,20110113
300165,TRYQ,天瑞仪器,20110125
300166,DFGX,东方国信,20110125
300167,DWSX,迪威视讯,20110125
300168,WDXX,万达信息,20110125
300169,TCXC,天晟新材,20110125
300170,HDXX,汉得信息,20110201
300171,DFL,东富龙,20110201
300172,ZDHB,中电环保,20110201
300173,ZHSD,智慧松德,20110201
300174,YLGF,元力股份,20110201
300175,LYGF,朗源股份,20110215
300176,HTJM,鸿特精密,20110215
300177,ZHD,中海达,20110215
300178,TBGJ,腾邦国际,20110215
300179,SFD,四方达,20110215
300180,HFCX,华峰超纤,20110222
300181,ZLYY,佐力药业,20110222
300182,JCGF,捷成股份,20110222
300183,DRZB,东软载波,20110222
300184,LYXX,力源信息,20110222
300185,TYZG,通裕重工,20110308
300186,DHN,大华农,20110308
300187,YQHB,永清环保,20110308
300188,MYBK,美亚柏科,20110316
300189,SNDF,神农大丰,20110316
300190,WEL,维尔利,20110316
300191,QNHX,潜能恒信,20110316
300192,KSWD,科斯伍德,20110322
300193,JSKJ,佳士科技,20110322
300194,FAYY,福安药业,20110322
300195,CRGF,长荣股份,20110329
300196,CHGF,长海股份,20110329
300197,THST,铁汉生态,20110329
300198,NCGF,纳川股份,20110407
300199,HYYY,翰宇药业,20110407
300200,GMXC,高盟新材,20110407
300201,HLZ,海伦哲,20110407
300202,JLGF,聚龙股份,20110415
300203,JGKJ,聚光科技,20110415
300204,STS,舒泰神,20110415
300205,TYXX,天喻信息,20110421
300206,LBYQ,理邦仪器,20110421
300207,XWD,欣旺达,20110421
300208,HSZS,恒顺众昇,20110426
300209,TZXX,天泽信息,20110426
300210,SYGF,森远股份,20110426
300211,YTKJ,亿通科技,20110505
300212,YHL,易华录,20110505
300213,JXFH,佳讯飞鸿,20110505
300214,RKHX,日科化学,20110511
300215,DKY,电科院,20110511
300216,QSYJ,千山药机,20110511
300217,DFDR,东方电热,20110518
300218,ALGF,安利股份,20110518
300219,HLGD,鸿利光电,20110518
300220,JYJG,金运激光,20110525
300221,YXKJ,银禧科技,20110525
300222,KDZN,科大智能,20110525
300223,BJJZ,北京君正,20110531
300224,ZHCC,正海磁材,20110531
300225,JLT,金力泰,20110531
300226,SHGL,上海钢联,20110608
300227,GYD,光韵达,20110608
300228,FRTZ,富瑞特装,20110608
300229,TES,拓尔思,20110615
300230,YLDY,永利带业,20110615
300231,YXKJ,银信科技,20110615
300232,ZMKJ,洲明科技,20110622
300233,JCYY,金城医药,20110622
300234,KEXC,开尔新材,20110622
300235,FZKJ,方直科技,20110629
300236,SHXY,上海新阳,20110629
300237,MCKJ,美晨科技,20110629
300238,GHSW,冠昊生物,20110706
300239,DBSW,东宝生物,20110706
300240,FLD,飞力达,20110706
300241,RFGD,瑞丰光电,20110712
300242,MJKJ,明家科技,20110712
300243,RFGC,瑞丰高材,20110712
300244,DAZD,迪安诊断,20110719
300245,TJKJ,天玑科技,20110719
300246,BLT,宝莱特,20110719
300247,SLJ,桑乐金,20110729
300248,XKP,新开普,20110729
300249,YMK,依米康,20110803
300250,CLXX,初灵信息,20110803
300251,GXCM,光线传媒,20110803
300252,JXN,金信诺,20110818
300253,WNRJ,卫宁软件,20110818
300254,QYYY,仟源医药,20110819
300255,CSYY,常山药业,20110819
300256,XXKJ,星星科技,20110819
300257,KSGF,开山股份,20110819
300258,JDKJ,精锻科技,20110826
300259,XTKJ,新天科技,20110831
300260,XLYC,新莱应材,20110906
300261,YBHX,雅本化学,20110906
300262,BASW,巴安水务,20110916
300263,LHJN,隆华节能,20110916
300264,JCSX,佳创视讯,20110916
300265,TGXL,通光线缆,20110916
300266,XYHJ,兴源环境,20110927
300267,EKZY,尔康制药,20110927
300268,WFSK,万福生科,20110927
300269,LJGD,联建光电,20111012
300270,ZWDZ,中威电子,20111012
300271,HYRJ,华宇软件,20111026
300272,KNHB,开能环保,20111102
300273,HJGF,和佳股份,20111026
300274,YGDY,阳光电源,20111102
300275,MAS,梅安森,20111102
300276,SFZN,三丰智能,20111115
300277,HLX,海联讯,20111123
300278,HCD,华昌达,20111216
300279,HJKJ,和晶科技,20111229
300280,NTDY,南通锻压,20111229
300281,JMJJ,金明精机,20111229
300282,HGGF,汇冠股份,20111229
300283,WZHF,温州宏丰,20120110
300284,SJK,苏交科,20120110
300285,GCCL,国瓷材料,20120113
300286,AKR,安科瑞,20120113
300287,FLX,飞利信,20120201
300288,LMXX,朗玛信息,20120216
300289,LDM,利德曼,20120216
300290,RKKJ,荣科科技,20120216
300291,HLBN,华录百纳,20120209
300292,WTTX,吴通通讯,20120229
300293,LYZB,蓝英装备,20120308
300294,BYSW,博雅生物,20120308
300295,SLWW,三六五网,20120315
300296,LYD,利亚德,20120315
300297,LDGF,蓝盾股份,20120315
300298,SNSW,三诺生物,20120319
300299,FCTX,富春通信,20120319
300300,HDGF,汉鼎股份,20120319
300301,CFZM,长方照明,20120321
300302,TYKJ,同有科技,20120321
300303,JFGD,聚飞光电,20120319
300304,YYDQ,云意电气,20120321
300305,YXGF,裕兴股份,20120329
300306,YFGD,远方光电,20120329
300307,CXGF,慈星股份,20120329
300308,ZJZB,中际装备,20120410
300309,JAKJ,吉艾科技,20120410
300310,YTSJ,宜通世纪,20120425
300311,RZX,任子行,20120425
300312,BXJS,邦讯技术,20120508
300313,TSSW,天山生物,20120425
300314,DWYL,戴维医疗,20120508
300315,ZQKJ,掌趣科技,20120511
300316,JSJD,晶盛机电,20120511
300317,JWGF,珈伟股份,20120511
300318,BHCX,博晖创新,20120523
300319,MJKJ,麦捷科技,20120523
300320,HDGF,海达股份,20120601
300321,TDGF,同大股份,20120523
300322,SBD,硕贝德,20120608
300323,HCGD,华灿光电,20120601
300324,XJXX,旋极信息,20120608
300325,DWXC,德威新材,20120601
300326,KLT,凯利泰,20120613
300327,ZYDZ,中颖电子,20120613
300328,YAKJ,宜安科技,20120619
300329,HLGQ,海伦钢琴,20120619
300330,HHJT,华虹计通,20120619
300331,SDWG,苏大维格,20120628
300332,THJN,天壕节能,20120628
300333,ZRKJ,兆日科技,20120628
300334,JMKJ,津膜科技,20120705
300335,DSGF,迪森股份,20120710
300336,XWH,新文化,20120710
300337,YBGF,银邦股份,20120718
300338,KYYQ,开元仪器,20120726
300339,RHRJ,润和软件,20120718
300340,KHGF,科恒股份,20120726
300341,MDDQ,麦迪电气,20120726
300342,TYJD,天银机电,20120726
300343,LCJN,联创节能,20120801
300344,TKBY,太空板业,20120801
300345,HYXC,红宇新材,20120801
300346,NDGD,南大光电,20120807
300347,TGYY,泰格医药,20120817
300348,CLKJ,长亮科技,20120817
300349,JKGF,金卡股份,20120817
300350,HPF,华鹏飞,20120821
300351,YGDQ,永贵电器,20120920
300352,BXY,北信源,20120912
300353,DTKJ,东土科技,20120927
300354,DHCS,东华测试,20120920
300355,MCKH,蒙草抗旱,20120927
300356,GYKJ,光一科技,20121009
300357,WWSW,我武生物,20140121
300358,CTKJ,楚天科技,20140121
300359,QTJY,全通教育,20140121
300360,JHKJ,炬华科技,20140121
300362,TBZZ,天保重装,20140121
300363,BTGF,博腾股份,20140129
300364,ZWZX,中文在线,20150121
300365,HHKJ,恒华科技,20140123
300366,CYXX,创意信息,20140127
300367,DFWL,东方网力,20140129
300368,HJGF,汇金股份,20140123
300369,LMKJ,绿盟科技,20140129
300370,AKKJ,安控科技,20140123
300371,HZGF,汇中股份,20140123
300372,XTDQ,欣泰电气,20140127
300373,YJKJ,扬杰科技,20140123
300374,HTKJ,恒通科技,20150319
300375,PLGF,鹏翎股份,20140127
300376,YST,易事特,20140127
300377,YSS,赢时胜,20140127
300378,DJRJ,鼎捷软件,20140127
300379,DFT,东方通,20140128
300380,ASXX,安硕信息,20140128
300381,YDL,溢多利,20140128
300382,SLK,斯莱克,20140129
300383,GHXW,光环新网,20140129
300384,SLHP,三联虹普,20140801
300385,XLHJ,雪浪环境,20140626
300386,FTCX,飞天诚信,20140626
300387,FBGF,富邦股份,20140702
300388,GZHB,国祯环保,20140801
300389,ABS,艾比森,20140801
300390,THCJ,天华超净,20140731
300391,KYKJ,康跃科技,20140801
300392,TXGF,腾信股份,20140910
300393,ZLGF,中来股份,20140912
300394,TFTX,天孚通信,20150217
300395,FLH,菲利华,20140910
300396,DRYL,迪瑞医疗,20140910
300397,THFW,天和防务,20140910
300398,FKCL,飞凯材料,20141009
300399,JTL,京天利,20141009
300400,JTGF,劲拓股份,20141010
300401,HYSW,花园生物,20141009
300402,BSGF,宝色股份,20141010
300403,DEHY,地尔汉宇,20141030
300404,BJYY,博济医药,20150424
300405,KLJH,科隆精化,20141030
300406,JQSW,九强生物,20141030
300407,KFDQ,凯发电气,20141203
300408,SHJT,三环集团,20141203
300409,DSJS,道氏技术,20141203
300410,ZYKJ,正业科技,20141231
300411,JDGF,金盾股份,20141231
300412,JNKJ,迦南科技,20141231
300413,KLG,快乐购,20150121
300414,ZGFL,中光防雷,20150513
300415,YZM,伊之密,20150123
300416,SSSY,苏试试验,20150122
300417,NHYQ,南华仪器,20150123
300418,KLWW,昆仑万维,20150121
300419,HFKJ,浩丰科技,20150122
300420,WYKJ,五洋科技,20150217
300421,LXGF,力星股份,20150217
300422,BSK,博世科,20150217
300423,LYT,鲁亿通,20150217
300424,HXKJ,航新科技,20150422
300425,HNKJ,环能科技,20150216
300426,TDYS,唐德影视,20150217
300427,HXDL,红相电力,20150217
300428,STXC,四通新材,20150319
300429,QLXC,强力新材,20150324
300430,CYT,诚益通,20150319
300431,BFKJ,暴风科技,20150324
300432,FLJG,富临精工,20150319
300433,LSKJ,蓝思科技,20150318
300434,JSDF,金石东方,20150424
300435,ZTGF,中泰股份,20150326
300436,GST,广生堂,20150422
300437,QSY,清水源,20150423
300438,PHNY,鹏辉能源,20150424
300439,MKSW,美康生物,20150422
300440,YDKJ,运达科技,20150423
300441,BSGF,鲍斯股份,20150423
300442,PLS,普丽盛,20150424
300443,JLFD,金雷风电,20150422
300444,SJDQ,双杰电气,20150423
300445,KST,康斯特,20150424
300446,LKXC,乐凯新材,20150423
300447,QXGF,全信股份,20150422
300448,HYKJ,浩云科技,20150424
300449,HBGK,汉邦高科,20150422
300450,XDGF,先导股份,20150518
300451,CYRJ,创业软件,20150514
300452,SHYF,山河药辅,20150515
300453,SXYL,三鑫医疗,20150515
300455,KTHW,康拓红外,20150515
300456,NWKJ,耐威科技,20150514
300457,YHKJ,赢合科技,20150514
300458,QZKJ,全志科技,20150515
300459,ZJJK,浙江金科,20150515
300460,HLJT,惠伦晶体,20150515
300461,TZJJ,田中精机,20150519
300462,HMZN,华铭智能,20150527
300463,MKSW,迈克生物,20150528
300464,XHJM,星徽精密,20150610
300465,GWD,高伟达,20150528
300466,SMDQ,赛摩电气,20150528
300467,XYKJ,迅游科技,20150527
300468,SFJC,四方精创,20150527
300469,XXFZ,信息发展,20150611
300470,RJMF,日机密封,20150612
300471,HPGF,厚普股份,20150611
300472,XYKJ,新元科技,20150611
300473,DEGF,德尔股份,20150612
300475,JLKJ,聚隆科技,20150610
300476,SHKJ,胜宏科技,20150611
300477,HZKJ,合纵科技,20150610
300478,HZGX,杭州高新,20150610
300479,SSDZ,神思电子,20150612
300480,GLKJ,光力科技,20150702
300481,PYHC,濮阳惠成,20150630
300482,WFSW,万孚生物,20150630
300483,WSGF,沃施股份,20150630
300485,SSYY,赛升药业,20150626
300486,DJZN,东杰智能,20150630
300487,LXKJ,蓝晓科技,20150702
300488,HFGJ,恒锋工具,20150701
300489,ZFGF,中飞股份,20150701
